INSERT INTO public.genres (title)
VALUES
    ('Семейный'),
    ('Новогодний'),
    ('Мелодрама'),
    ('Исторический'),
    ('Фэнтези');

INSERT INTO public.directors (first_name, second_name)
VALUES
  ('Тимур', 'Бекмамбетов'),
  ('Пол', 'Кинг'),
  ('Владимир', 'Меньшов'),
  ('Леонид', 'Гайдай'),
  ('Эльдар', 'Рязанов'),
  ('Петр', 'Ануров'),
  ('Крис', 'Коламбус'),
  ('Ярроу', 'Чейни');

INSERT INTO public.countries (title, code)
VALUES
  ('Польша', 'pol'),
  ('Румыния', 'rum');

INSERT INTO public.movies (director_id, video_url, title_url, title, short_description, card_url, album_url, country_id, rating, long_description, release_date, movie_type)
VALUES
  (26, '/static/movies_all/yolki/movie.mp4', '/static/movies_all/yolki/logo.webp', 'Ёлки', 'Сирота, таксист, бизнесмен и другие ждут новогоднего чуда. Начало праздничной франшизы с Ургантом и Светлаковым.', '/static/movies_all/yolki/card.webp', '/static/movies_all/yolki/album.webp', 1, 9.3, 'Сборник праздничных новелл о самых разных людях, взаимоподдержке и вере в чудеса. Россия — единственная страна на планете, где Новый год можно отпраздновать 11 раз. Одиннадцать часовых поясов, одиннадцать городов и одиннадцать новогодних историй простых людей, которые не перестали верить в чудо. Якутск, Красноярск, Новосибирск, Екатеринбург, Бавлы, Казань, Уфа, Пермь, Москва, Санкт-Петербург и Калининград — города, где герои попадают в непростые жизненные ситуации. Но разве Новый год нужен не для того, чтобы дарить людям надежду на настоящие чудеса?', '2015-09-23', 'film'),
  (27, '/static/movies_all/paddington/movie.mp4', '/static/movies_all/paddington/logo.webp', 'Приключения Паддингтона', 'Очаровательный медвежонок из Перу покоряет Лондон и зрителей по всему миру. Семейная комедия о лохматом джентльмене', '/static/movies_all/paddington/card.webp', '/static/movies_all/paddington/album.webp', 3, 9.1, 'Экранизация классической детской книги Майкла Бонда о медведе из Перу, который всегда мечтал увидеть Лондон. И однажды решил свое заветное желание осуществить. Он приезжает в британскую столицу, где все, к его великому удивлению, выглядит совсем не так, как на фотографиях из старого путеводителя. Однако это не мешает малышу найти в этом мегаполисе настоящих верных друзей и обрести новую семью.', '2014-09-23', 'film'),
  (28, '/static/movies_all/moscow-not-believe/movie.mp4', '/static/movies_all/moscow-not-believe/logo.webp', 'Москва слезам не верит', 'Три девушки переезжают в Москву в поисках любви, дружбы и успеха. Советский хит, отмеченный «Оскаром»', '/static/movies_all/moscow-not-believe/card.webp', '/static/movies_all/moscow-not-believe/album.webp', 8, 9.9, 'Любовь и судьба трех подруг в разгар «оттепели» и посреди «застоя». История о трех девушках в поисках счастья, о быстротечности молодости и немеркнущей надежде. Фильм показывает Москву в конце пятидесятых и в конце семидесятых годов, быт столицы и превратности жизни героинь. Картина Владимира Меньшова дала утешение миллионам советских людей и покорила Американскую киноакадемию.', '1979-10-15', 'film'),
  (29, '/static/movies_all/ivan-vasilyevich/movie.mp4', '/static/movies_all/ivan-vasilyevich/logo.webp', 'Иван Васильевич меняет профессию', 'Культовая «не совсем реалистическая и не строго историческая» комедия Леонида Гайдая о путешествиях во времени', '/static/movies_all/ivan-vasilyevich/card.webp', '/static/movies_all/ivan-vasilyevich/album.webp', 8, 9.3, 'Молодой учёный одержим идеей создать механизм, который позволил бы преодолеть границы времени и пространства. Новый эксперимент приносит удачу, и герой открывает портал в Русь XVI века. Но грандиозный опыт тут же приводит к неурядице, в результате которой люди из одной эпохи оказываются в другой. Так Иван Грозный попадает в Москву 1970-х, а пленником царских палат становится простой советский гражданин. Учёный мог бы всё исправить, но машина ломается, и на период её ремонта потерявшимся во времени героям предстоит научиться жить в новых реалиях. А точнее, им придётся притвориться друг другом, ведь «жертвы» науки похожи, как два близнеца.', '1973-03-15', 'film'),
  (30, '/static/movies_all/irony-of-fate/movie.mp4', '/static/movies_all/irony-of-fate/logo.webp', 'Ирония судьбы', '31 декабря Женя случайно попадает в чужую квартиру в Ленинграде. Главное новогоднее кино в России', '/static/movies_all/irony-of-fate/card.webp', '/static/movies_all/irony-of-fate/album.webp', 8, 7.3, 'Народная комедия от Эльдара Рязанова с Андреем Мягковым, Барбарой Брыльской и Юрием Яковлевым. В канун нового года московский врач Женя Лукашин пошёл в баню, напился и оказался в Ленинграде. Мужчина пришёл в себя в квартире учительницы Нади, уверенный, что находится у себя дома. Героям предстоит провести насыщенную событиями ночь, которая навсегда изменит их жизни.', '1975-10-09', 'film'),
  (30, '/static/movies_all/office-romance/movie.mp4', '/static/movies_all/office-romance/logo.webp', 'Служебный роман', 'Робкий холостяк решает приударить за строгой начальницей. Советский ромком с преображением, разобранный на цитаты', '/static/movies_all/office-romance/card.webp', '/static/movies_all/office-romance/album.webp', 8, 9.3, 'Советский ромком о противостоянии и любви начальницы и подчиненного. Она — железная леди и одновременно старая дева. Директор статистического учреждения, которую подчиненные за глаза ласково называют мымрой. Он — сорокалетний стеснительный неудачник, которого оставила с двумя детьми неверная жена. Два одиночества встретились и сошлись после непродолжительных мучений.', '1977-04-29', 'film'),
  (31, '/static/movies_all/silver-skates/movie.mp4', '/static/movies_all/silver-skates/logo.webp', 'Серебряные коньки', 'Аристократка влюбляется в нищего, а Юра Борисов цитирует Маркса. Рождественские чудеса в дореволюционном Петербурге', '/static/movies_all/silver-skates/card.webp', '/static/movies_all/silver-skates/album.webp', 1, 9.0, 'Сказочная новогодняя история российского производства, вдохновлённая одноимённым классическим романом Мэри Мэйпс Додж с участием Юрия Колокольникова и Юрия Борисова. Действие рождественского фильма «Серебряные коньки» разворачивается в Санкт-Петербурге в конце девятнадцатого столетия. Петербург готовится к наступающим праздникам, а юная Алиса — дочь крупного чиновника, мечтает о научной карьере и готовится к скорой свадьбе. На роль жениха для интеллигентной особы был выбран богатый и влиятельный Аркадий Трубецкой.', '2020-12-23', 'film'),
  (32, '/static/movies_all/home-alone/movie.mp4', '/static/movies_all/home-alone/logo.webp', 'Один дома', 'Мальчик-озорник задает жару грабителям. Лучшая комедия для создания праздничного настроения у всей семьи', '/static/movies_all/home-alone/card.webp', '/static/movies_all/home-alone/album.webp', 2, 9.3, 'Классика детского кино и один из лучших рождественских фильмов. Сюжет прост: мальчик остается один на Рождество, пока в дом лезут незадачливые грабители. Позже появится сиквел с тем же Маколеем Калкиным и два продолжения уже без него. Но первая часть – это шедевр. Кстати, в своё время фильм поставил абсолютный рекорд по сборам в жанре комедии, заработав 550 млн долларов.', '1990-05-12', 'film'),
  (33, '/static/movies_all/grinch/movie.mp4', '/static/movies_all/grinch/logo.webp', 'Гринч', 'Обиженный мохнатый сосед задумал оставить горожан без праздника. Рождественская анимация с рекордными сборами', '/static/movies_all/grinch/card.webp', '/static/movies_all/grinch/album.webp', 3, 9.3, 'Любой бы на месте Гринча позеленел и взбесился. Как порядочный интроверт он живёт в тёмной пещере на самой вершине горы подальше ото всех, но эти «все» готовят грандиознейшее празднование нового года. Они шумят, всё украшают и дико бесят. Кто бы отказал себе в удовольствии испортить праздник? Гринч решает украсть Новый год.', '2000-12-11', 'film'),
  (32, '/static/movies_all/garry-potter/movie.mp4', '/static/movies_all/garry-potter/logo.webp', 'Гарри Поттер', 'Гарри поступает в школу магии Хогвартс и заводит друзей. Первая часть большой франшизы о маленьком волшебнике', '/static/movies_all/garry-potter/card.webp', '/static/movies_all/garry-potter/album.webp', 3, 8.1, 'Жизнь десятилетнего Гарри Поттера не назвать сладкой: родители умерли, а от дяди и тёти, взявших его на воспитание, достаются лишь тычки. Но в одиннадцатый день рождения мальчика всё меняется. Гарри получает письмо, из которого узнаёт, что на самом деле он волшебник и принят в школу магии Хогвартс. В новой жизни его ждут невероятные приключения, верные друзья и ключ к тайне смерти родителей.', '2010-09-23', 'film');

INSERT INTO public.movie_genres (movie_id, genre_id)
VALUES
    (28, (SELECT id FROM public.genres WHERE title = 'Новогодний')),
    (28, (SELECT id FROM public.genres WHERE title = 'Комедия')),

    (29, (SELECT id FROM public.genres WHERE title = 'Семейный')),
    (29, (SELECT id FROM public.genres WHERE title = 'Приключения')),

    (30, (SELECT id FROM public.genres WHERE title = 'Драма')),
    (30, (SELECT id FROM public.genres WHERE title = 'Мелодрама')),

    (31, (SELECT id FROM public.genres WHERE title = 'Комедия')),
    (31, (SELECT id FROM public.genres WHERE title = 'Фантастика')),

    (32, (SELECT id FROM public.genres WHERE title = 'Новогодний')),
    (32, (SELECT id FROM public.genres WHERE title = 'Комедия')),

    (33, (SELECT id FROM public.genres WHERE title = 'Драма')),
    (33, (SELECT id FROM public.genres WHERE title = 'Мелодрама')),

    (34, (SELECT id FROM public.genres WHERE title = 'Драма')),
    (34, (SELECT id FROM public.genres WHERE title = 'Исторический')),

    (35, (SELECT id FROM public.genres WHERE title = 'Семейный')),
    (35, (SELECT id FROM public.genres WHERE title = 'Комедия')),

    (36, (SELECT id FROM public.genres WHERE title = 'Семейный')),
    (36, (SELECT id FROM public.genres WHERE title = 'Фэнтези')),

    (37, (SELECT id FROM public.genres WHERE title = 'Фэнтези')),
    (37, (SELECT id FROM public.genres WHERE title = 'Приключения'));

INSERT INTO public.collections (title, card_url)
VALUES
  ('Смотри по подписке', '');

INSERT INTO public.movie_collections (movie_id, collection_id)
VALUES
  (28, 4),
  (29, 4),
  (30, 4),
  (31, 4),
  (32, 4),
  (33, 4),
  (34, 4),
  (35, 4),
  (36, 4),
  (37, 4);

INSERT INTO public.actors (first_name, second_name, birthdate, country_id, small_photo_url, big_photo_url, biography)
VALUES
  ('Вера', 'Алентова', '1942-02-21', 8, '/static/actors/alentova/small.webp', '/static/actors/alentova/big.webp', 'Вера Алентова - выдающаяся российская актриса театра и кино, наиболее известная своей ролью в фильме "Москва слезам не верит" (1979), за который она получила широкое признание и любовь зрителей. Родилась 21 февраля 1942 года. Алентова также снялась в таких известных фильмах, как "Любовь и голуби" (1984) и "Вокзал для двоих" (1982). За свои заслуги в искусстве она была удостоена звания Народной артистки РСФСР.'),
  ('Алексей', 'Баталов', '1928-11-20', 8, '/static/actors/batalov/small.webp', '/static/actors/batalov/big.webp', 'Алексей Баталов - выдающийся советский и российский актёр театра и кино, родился 20 ноября 1928 года во Владимире, скончался 15 июня 2017 года в Москве. Баталов прославился благодаря ролям в культовых советских фильмах, таких как "Москва слезам не верит" (1979), "Летят журавли" (1957) и "Девчата" (1961). Он был не только талантливым актёром, но и обладал особым харизматическим обаянием, которое делало его одним из самых любимых актёров в советском кинематографе.'),
  ('Бен', 'Уишоу', '1980-10-14', 3, '/static/actors/ben-wishow/small.webp', '/static/actors/ben-wishow/big.webp', 'Бенджамин Джон Уишоу родился 14 октября 1980 года в Клифтоне, графство Бедфордшир, Англия. Он английский актёр театра, кино и телевидения. Уишоу учился в Королевской академии драматического искусства и окончил её в 2003 году. Наиболее известен своей ролью агента Кью в фильмах о Джеймсе Бонде "007: Координаты Скайфолл", "007: Спектр" и "Не время умирать". Также сыграл главную роль в мини-сериале "Чрезвычайно английский скандал" (2018), за которую получил премии Золотой глобус, Эмми и BAFTA. Уишоу озвучивал персонажа Медвежонка Паддингтона в фильмах "Приключения Паддингтона" и его продолжениях.'),
  ('Юра', 'Борисов', '1992-12-08', 1, '/static/actors/borisov/small.webp', '/static/actors/borisov/big.webp', 'Юра Борисов — один из самых успешных молодых российских актеров сегодняшнего дня. Юра родился в Реутове в 1992 году. В 2013 году закончил Высшее театральное училище имени Щепкина, в кино и сериалах начал сниматься в 2010 году. Несколько лет играл в московском театре «Сатирикон». Настоящая известность пришла к Борисову в 2019 году, когда она снялся в главной роли в фильме «Бык» Бориса Акопова. После этого молодого актера заметили, и он сразу стал звездой российского кино, снявшись в «Т-34», «Союзе спасения», «Вторжении», «Петровых в гриппе», «Герде», «Купе номер шесть» и других ярких картинах. В 2020 году стал актером года по версии журнала GQ. Женат на актрисе Анне Шевчук, с которой они воспитывают двоих дочерей.'),
  ('Барбара', 'Брыльска', '1941-06-05', 16, '/static/actors/brylska/small.webp', '/static/actors/brylska/big.webp', 'Барбара Брыльска - польская актриса, родилась 5 июня 1941 года в Сколемове, Польша. Брыльска стала широко известна благодаря роли Нади Шевелёвой в советском фильме "Ирония судьбы, или С лёгким паром!" (1975). Она также снялась в ряде других польских и международных кинопроектов. Её образы отличаются глубиной и чувственностью, благодаря чему актриса завоевала популярность и уважение зрителей.'),
  ('Бенедикт', 'Камбербэтч', '1976-07-19', 3, '/static/actors/cumberbatch/small.webp', '/static/actors/cumberbatch/big.webp', 'Камбербэтч родился в Лондоне 19 июля 1976 года. Детство провел за кулисами театра, наблюдая за игрой родителей — знаменитых лондонских актеров. Потом была учеба в закрытой школе Хэрроу. Первой ролью стала королева фей в шекспировской пьесе «Сон в летнюю ночь». Обучался актерском мастерству в Манчестере и Лондоне. С 2001 года успешно играл в театре и на телевидении. Среди его телевизионных ролей — Стивен Хокинг в одноименном фильме. За эту работу он получил премию BAFTA TV Awards. С 2010 года начал исполнять роль Шерлока Холмса в сериале Стивена Моффата «Шерлок», который принес Камбербэтчу мировую славу. Сниматься в кино он начал в 2006 году. Первая роль — в «Божественной легкости» Майкла Эптеда. В 2013-м сыграл в сиквеле блокбастера «Стартрек». С 2016-го исполняет роль Доктора Стрэнджа в комиксовой вселенной Marvel. Камбербэтч — лауреат «Эмми», номинант на «Золотой глобус» и «Оскар».'),
  ('Александр', 'Демьяненко', '1937-05-30', 8, '/static/actors/demyachenko/small.webp', '/static/actors/demyachenko/big.webp', 'Александр Демьяненко - выдающийся советский актер кино, народный артист РСФСР, родился 30 мая 1937 года в Свердловске (ныне Екатеринбург), Россия и скончался 22 августа 1999 года. Демьяненко наиболее известен своей ролью Шурика в серии комедийных фильмов режиссера Леонида Гайдая, включая "Операция «Ы» и другие приключения Шурика" и "Иван Васильевич меняет профессию". Его игра отличалась легкостью, иронией и неподражаемым обаянием.'),
  ('Эмма', 'Уотсон', '1990-04-15', 6, '/static/actors/emma-watson/small.webp', '/static/actors/emma-watson/big.webp', 'Эмма Уотсон - британская актриса, активистка и модель, родилась 15 апреля 1990 года. Она прославилась на весь мир благодаря роли Гермионы Грейнджер в серии фильмов о Гарри Поттере. После успеха в этих фильмах Уотсон снялась в ряде других кинопроектов, включая "Красавицу и чудовище" (2017) и "Маленькие женщины" (2019). Эмма также активно занимается правозащитной деятельностью, особенно в сфере прав женщин, и является посланницей доброй воли ООН.'),
  ('Фаррелл', 'Уильямс', '1973-04-05', 2, '/static/actors/farrel-williams/small.webp', '/static/actors/farrel-williams/big.webp', 'Фаррелл Уильямс родился 5 апреля 1973 года в Виргиния-Бич, штат Вирджиния. Он американский музыкант, продюсер, певец и автор песен. Уильямсrose к себе известность как один из основателей продюсерского дуэта The Neptunes вместе с Чедом Хьюго в 1992 году. Они создали множество хитов, включая "Drop It Like It"s Hot" для Snoop Dogg, "SexyBack" для Justin Timberlake и "Get Lucky" для Daft Punk. Уильямс также является лидирующим вокалистом группы N.E.R.D., с которой выпустил несколько альбомов. В 2006 году он выпустил свой дебютный сольный альбом "In My Mind". Уильямс написал музыку для анимационных фильмов "Деспикабл Мий 2" и "Тайный мир", ставшую основой для его сингла "Happy". В 2014 году он был номинирован на премию Оскар за лучшую оригинальную песню за эту композицию. Уильямс также известен своей деятельностью в сфере моды - он создал линии одежды Billionaire Boys Club и Ice Cream. В 2023 году он стал креативным директором мужской коллекции Louis Vuitton. Уильямс был удостоен 13 премий Грэмми и входит в число 100 наиболее влиятельных людей мира по версии журнала Time.'),
  ('Федор', 'Федотов', '1995-07-12', 1, '/static/actors/fedotov/small.webp', '/static/actors/fedotov/big.webp', 'Фёдор Михайлович Федотов родился 12 июля 1995 года в Иерусалиме, Израиль. Он российский актёр театра и кино. В 1998 году семья переехала в Санкт-Петербург. С детства серьезно занимался спортом, был капитаном хоккейного клуба "Смена". Учился в Санкт-Петербургской государственной академии театрального искусства в мастерской профессора Ларисы Грачевой. В 2014 году дебютировал на сцене Театра юных зрителей в спектакле "Вино из одуванчиков". В 2016 году окончил академию и вступил в труппу Театра юных зрителей. Играл главные роли в спектаклях "Вино из одуванчиков", "Начал", "Страдания юного Вертера". В 2020 году сыграл главную роль в фильме Михаила Локшина "Серебряные коньки" и появился в сериале "Шерлок в России".'),
  ('Сергей', 'Филиппов', '1912-04-24', 1, '/static/actors/filippov/small.webp', '/static/actors/filippov/big.webp', 'Сергей Николаевич Филиппов родился 11 (24) июня 1912 года в Саратове в рабочей семье. Отец был слесарем, мать - портнихой. Филиппов учился плохо в школе, даже был исключен из нее за хулиганство. Работал пекарем, плотником, токарем, пока не попал в балетную студию. В 1929 году поехал в Москву поступать в Большой театр, но опоздал на экзамены и ушел в Ленинградский эстрадно-цирковой техникум. Окончив его в 1933 году, работал в эстрадных театрах Ленинграда. В 1935-1947 и 1948-1964 годы играл в Ленинградском театре комедии, с 1965 - на киностудии "Ленфильм". Высокого роста, худой, подвижный, с выразительным лицом и богатейшей мимикой. Известен ролями в фильмах "Укротительница тигров", "Карнавальная ночь", "Девушка без адреса", "12 стульев", "Иван Васильевич меняет профессию". Филиппов играл характерных людей - недалеких, хамоватых, лодырей, злобных неудачников. Мастер опасных трюков без дублеров.'),
  ('Алиса', 'Фрейндлих', '1934-12-08', 8, '/static/actors/fraindlich/small.webp', '/static/actors/fraindlich/big.webp', 'Алиса Фрейндлих - выдающаяся советская и российская актриса театра и кино, народная артистка СССР, родилась в 1934 году в Ленинграде. Она прославилась благодаря своим ролям в таких фильмах, как "Служебный роман" (1977) и "Агония" (1981). Фрейндлих известна своей глубокой и выразительной актёрской игрой, благодаря которой её персонажи остаются в памяти зрителей. Её вклад в развитие театрального и кинематографического искусства огромен.'),
  ('Арчил', 'Гомиашвили', '1926-03-23', 8, '/static/actors/gomiashvili/small.webp', '/static/actors/gomiashvili/big.webp', 'Арчил Гомиашвили родился 23 марта 1926 года в Чиатуре, Грузия. Он был советским грузинским театральным и кинематографическим актером, удостоенным звания Народный артист Грузии в 1966 году. Гомиашвили дебютировал на экране в 1957 году, сыграв роль Манташерова в фильме "Лично знаком". Он наиболее известен своей роляй Остапа Бендера в фильме "Двенадцать стульев" Льва Кулишаева 1971 года. В конце 1980-х Гомиашвили оставил сцену и стал успешным бизнесменом, владельцем престижного Остап Бендер Клуба и филантропом. Он продолжал появляться в кино эпизодически и в 1985-1994 пяти раз сыграл Иосифа Сталина. В начале 2000-х Гомиашвили говорил: "Тридцать лет - это вся жизнь, и я эту жизнь прожил с Остапом. Он сделал меня знаменитым, дал мне московскую квартиру и этот ресторан в его честь... А вы знаете, я думаю, у нас много общего. Мы оба актеры, нуждающиеся в аудитории."'),
  ('Маколей', 'Калкин', '1980-08-26', 2, '/static/actors/kalkin/small.webp', '/static/actors/kalkin/big.webp', 'Маколей Калкин - американский актёр, родился 26 августа 1980 года в Нью-Йорке. Он стал всемирно известным в детстве благодаря главной роли Кевина МакКалистера в фильмах "Один дома" (1990) и "Один дома 2: Затерянный в Нью-Йорке" (1992). Помимо своей иконической роли в детских фильмах, Калкин также снялся в ряде других проектов и в последние годы активно участвовал в различных медиа проектах и выступлениях.'),
  ('Николь', 'Кидман', '1967-06-20', 2, '/static/actors/kidman/small.webp', '/static/actors/kidman/big.webp', 'Актриса родилась в 1967 году в семье доктора. Семья четыре года прожила на Гавайях, а затем перебралась в Австралию. С детства Николь Кидман занималась танцами, это хобби привело ее в театр. В 17 лет Николь увлеклась музыкой и выступала с группой Divine Madness. В начале карьеры Кидман снималась в австралийских телефильмах. Прорывом стала картина Тони Скотта «Дни грома», где она впервые сыграла в паре с Томом Крузом. Они часто появлялись на экране вместе, а последним совместным фильмом пары стал «С широко закрытыми глазами», картина Стэнли Кубрика. В 2003-м Кидман стала лауреатом «Оскара» за драму «Часы», где исполнила роль английской писательницы Вирджинии Вульф. За «Часами» последовал «Догвилль», значимая, скандальная, собравшая овации Каннского кинофестиваля работа Ларса фон Триера. И в нулевых, и в 10-х Кидман продолжает регулярно сниматься: с ней выходит в среднем по два фильма в год. Среди ее последних картин авторские проекты («Роковое искушение» Софии Копполы, «Убийство священного оленя» Йоргоса Лантимоса) и громкие блокбастеры («Аквамен» студии DC).'),
  ('Мэгги', 'Смит', '1934-12-28', 3, '/static/actors/maggy-smith/small.webp', '/static/actors/maggy-smith/big.webp', 'Мэгги Смит (Dame Margaret Natalie Smith) - выдающаяся британская актриса театра, кино и телевидения, родилась 28 декабря 1934 года в Илфорде, Эссекс, Англия. Мэгги Смит известна своими глубокими и многослойными ролями, включая профессора Макгонагалл в серии фильмов о Гарри Поттере и графиню Грантэм в сериале "Аббатство Даунтон". Она является обладательницей многочисленных премий, включая два "Оскара", и известна своим выдающимся вкладом в искусство актерского мастерства.'),
  ('Ирина', 'Муравьёва', '1949-02-08', 8, '/static/actors/muravyova/small.webp', '/static/actors/muravyova/big.webp', 'Ирина Муравьева - заслуженная и народная артистка РСФСР, российская актриса театра и кино, родилась в 1949 году в Москве. Она широко известна благодаря своим ролям в таких фильмах, как "Карнавал", "Любовь и голуби" и "Служебный роман". Муравьева ценится за свой уникальный актёрский талант, умение тонко передавать эмоции персонажей и выразительность игры. Она остаётся одной из самых любимых и уважаемых актрис российского кино.'),
  ('Андрей', 'Мягков', '1938-07-08', 8, '/static/actors/myagkov/small.webp', '/static/actors/myagkov/big.webp', 'Андрей Мягков - знаменитый российский актёр театра и кино, родился 8 июля 1938 года в Ленинграде (ныне Санкт-Петербург). Он стал всенародно любимым благодаря своим ролям в фильмах "Ирония судьбы, или С лёгким паром!" (1975) и "Офисный роман" (1977). Мягков обладал уникальным талантом создавать образы обычных людей с глубокой искренностью и юмором, что сделало его одним из самых популярных и любимых актёров своего времени.'),
  ('Юрий', 'Никулин', '1921-12-18', 8, '/static/actors/nikulin/small.webp', '/static/actors/nikulin/big.webp', 'Юрий Никулин - один из самых любимых и уважаемых советских актёров театра и кино, народный артист СССР, родился в 1921 году в Демидове и скончался в 1997 году в Москве. Никулин известен своими ролями в таких культовых фильмах, как "Кавказская пленница", "Операция «Ы» и другие приключения Шурика" и "Бриллиантовая рука". Он также долгие годы работал в Московском цирке на Цветном бульваре. Юрий Никулин был не только талантливым актёром, но и выдающимся клоуном, чьё искусство и сегодня вызывает восхищение и улыбку.'),
  ('Софья', 'Присс', '1995-05-29', 1, '/static/actors/priss/small.webp', '/static/actors/priss/big.webp', 'Софья Александровна Присс родилась 29 мая 1995 года в Кургане. Она российская актриса театра, кино и телевидения. С детства мечтала стать актрисой, несмотря на то, что родители хотели видеть ее на филологическом факультете. Соня посещала театральную студию в школьные каникулы и участвовала в конкурсах чтецов. После окончания школы два года училась на филологическом факультете Курганского государственного университета, затем уехала в США по программе Work and Travel USA. Там она выиграла конкурс для студентов и прошла курс актерского мастерства в Айдахо. В 2020 году Присс окончила Российский государственный институт сценических искусств, курс Сергея Черкасского. На экране дебютировала эпизодической ролью в сериале "Крылья империи" в 2017 году. Первая главная роль пришла к ней в 2019 году в мини-сериале "Вторая первая любовь". В 2019 году актриса была выбрана на главную женскую роль в фильме "Серебряные коньки".'),
  ('Михаил', 'Пуговкин', '1923-07-13', 8, '/static/actors/pugovkin/small.webp', '/static/actors/pugovkin/big.webp', 'Михаил Пуговкин - любимый многими советский актёр театра и кино, родился 13 июля 1923 года в Ростове-на-Дону, скончался 25 июля 2008 года. Пуговкин прославился своими ролями в комедиях, таких как "Операция «Ы» и другие приключения Шурика" (1965), "Иван Васильевич меняет профессию" (1973) и "Кавказская пленница, или Новые приключения Шурика" (1966). Его неповторимый стиль игры, искренность и юмор сделали его одним из самых любимых и узнаваемых актёров советского кинематографа.'),
  ('Дэниэл', 'Рэдклифф', '1989-07-23', 3, '/static/actors/radcliffe/small.webp', '/static/actors/radcliffe/big.webp', 'Дэниэл Джейкоб Рэдклифф — британский актер театра и кино. В 1999 году в возрасте десяти лет он дебютировал в кино в экранизации «Дэвида Копперфилда» по мотивам романа Чарльза Диккенса. Но настоящую популярность начинающему актеру принесла роль юного волшебника Гарри Поттера из одноименной саги Джоан Роулинг. В 2009 году Рэдклифф попал в Книгу рекордов Гиннесса как самый высокооплачиваемый актер своего времени. После окончания съемок Поттерианы Рэдклифф стал по-настоящему востребованным артистом с широким диапазоном возможностей. Так, в 2016 году он сыграл роль агента ФБР в фильме «Абсолютная власть».'),
  ('Руперт', 'Гринт', '1988-08-24', 3, '/static/actors/rupert-grint/small.webp', '/static/actors/rupert-grint/big.webp', 'Руперт Гринт - британский актёр, родился 24 августа 1988 года в Хартфордшире, Англия. Гринт наиболее известен своей ролью Рона Уизли в серии фильмов о Гарри Поттере (2001-2011). После завершения серии, он продолжил свою карьеру, снимаясь в различных кинопроектах и телесериалах, включая "Снегопад" (2017-2018) и "Служанка" (2019). Руперт Гринт также активно занимается театральной деятельностью, демонстрируя своё актёрское мастерство и универсальность.'),
  ('Сергей', 'Светлаков', '1977-12-12', 1, '/static/actors/svetlakov/small.webp', '/static/actors/svetlakov/big.webp', 'Сергей Светлаков - известный российский актёр, телеведущий, сценарист и продюсер, родился 12 декабря 1977 года в Свердловске (ныне Екатеринбург). Он прославился благодаря участию в комедийном шоу "Наша Russia" и роли в популярном сериале "Реальные пацаны". Светлаков также снялся в ряде успешных кинокомедий и известен своим особым юмором и харизмой как в кино, так и на телевидении.'),
  ('Том', 'Фелтон', '1987-09-22', 3, '/static/actors/tom-felton/small.webp', '/static/actors/tom-felton/big.webp', 'Том Фелтон (Tom Felton) - английский актер и музыкант, родился 22 сентября 1987 года в Эпсоме, Англия. Фелтон стал широко известен благодаря роли Драко Малфоя в серии фильмов о Гарри Поттере. Помимо своей работы в "Гарри Поттере", Том снялся в ряде других фильмов и телесериалов, включая "Восход планеты обезьян" (2011) и "Флеш" (2014-2015). Он также занимается музыкой и выпустил несколько синглов и музыкальных альбомов.'),
  ('Иван', 'Ургант', '1978-04-16', 1, '/static/actors/urgant/small.webp', '/static/actors/urgant/big.webp', 'Иван Ургант - российский телеведущий, актёр и музыкант, родился в 1978 году в Ленинграде (ныне Санкт-Петербург). Он широко известен как ведущий популярного вечернего шоу "Вечерний Ургант", которое сочетает в себе элементы ток-шоу, комедии и музыкальных выступлений. Ургант также снимался в кино и театре. Он известен своим остроумием, харизмой и умением легко общаться с гостями шоу, что делает его одним из самых популярных телеведущих в России.'),
  ('Наталья', 'Варлей', '1947-06-22', 17, '/static/actors/varley/small.webp', '/static/actors/varley/big.webp', 'Наталья Варлей - российская актриса театра и кино, родилась в 1947 году в городе Килия, Украинская ССР. Она стала широко известна благодаря роли в культовом советском фильме "Кавказская пленница" (1966). Варлей также снималась в таких фильмах, как "Спортлото-82" и "Весёлые ребята". Её образы отличаются живостью, непосредственностью и харизмой, благодаря чему она завоевала любовь и признание зрителей.'),
  ('Георгий', 'Вицин', '1917-07-18', 8, '/static/actors/vicin/small.webp', '/static/actors/vicin/big.webp', 'Георгий Вицин - легендарный советский актер кино и театра, родился 23 апреля 1917 года в Санкт-Петербурге, Россия и скончался 22 октября 2001 года. Вицин известен своими ролями в комедийной троице вместе с Юрием Никулиным и Евгением Моргуновым в серии фильмов "Операция «Ы» и другие приключения Шурика", "Кавказская пленница" и "Самогонщики". Его неповторимый стиль игры и яркие комедийные образы сделали его одним из самых любимых актеров советского кинематографа.'),
  ('Екатерина', 'Вилкова', '1984-07-11', 1, '/static/actors/vilkova/small.webp', '/static/actors/vilkova/big.webp', 'Екатерина Вилкова - российская актриса театра и кино, родилась 11 июля 1984 года в Нижнем Новгороде. Она известна благодаря своим ролям в таких фильмах, как "О чём говорят мужчины" (2010) и "Отель Элеон" (2016-2018). Вилкова также активно работает в театре, где её талант и харизма позволяют создавать яркие и запоминающиеся образы.'),
  ('Юрий', 'Яковлев', '1928-07-25', 8, '/static/actors/yakovlev/small.webp', '/static/actors/yakovlev/big.webp', 'Юрий Яковлев - выдающийся советский и российский актёр театра и кино, народный артист СССР, родился 25 апреля 1928 года в Москве и скончался 30 ноября 2013 года. Он был одним из самых любимых и уважаемых актёров своего времени, известным благодаря своим ролям в таких фильмах, как "Иван Васильевич меняет профессию" (1973) и "Собачье сердце" (1988). Яковлев также долгое время был ведущим актёром Вахтанговского театра.');

INSERT INTO public.movie_actors (movie_id, actor_id)
VALUES
  (28, 93),
  (28, 95),
  (28, 98),
  (29, 72),
  (29, 84),
  (30, 70),
  (30, 71),
  (30, 86),
  (31, 76),
  (31, 80),
  (31, 90),
  (31, 99),
  (32, 99),
  (32, 74),
  (32, 87),
  (33, 81),
  (33, 86),
  (33, 87),
  (34, 73),
  (34, 79),
  (34, 89),
  (35, 83),
  (36, 75),
  (36, 78),
  (37, 77),
  (37, 85),
  (37, 91),
  (37, 92),
  (37, 94);
