INSERT INTO public.genres (title)
VALUES
  ('Ужасы'),
  ('Комедия'),
  ('Психология'),
  ('Фэнтези'),
  ('Триллер'),
  ('Романтика'),
  ('Спорт'),
  ('Драма');

INSERT INTO public.countries (title, code)
VALUES
  ('Россия', 'rus'),
  ('США', 'usa'),
  ('Великобритания', 'uk'),
  ('Южная Корея', 'kor'),
  ('Испания', 'es'),
  ('Франция', 'fr'),
  ('Дания', 'dk');

INSERT INTO public.movies (title, card_url, album_url, country_id, rating, description, release_date, movie_type)
VALUES
  ('Игра в кальмара', '/static/squid-game_card_image.png', '/static/squid-game_album_image.png', 4, 7.6, 'Сон Ги-хун уже немолод, разведён, по уши погряз в долгах и сидит на шее у старенькой матери. Даже выигранные на скачках деньги в его руках долго не задерживаются, и однажды он встречает в метро загадочного незнакомца, который сначала предлагает сыграть в детскую игру, а затем вручает Ги-хуну немалую сумму и визитку. Но радость мужчины сменятся отчаянием, когда он узнаёт, что бывшая жена с новым мужем собираются увезти его дочь в Америку. Он звонит по номеру с визитки и становится последним участником тайных игр на выживание с призом в 40 миллионов долларов. Среди товарищей по несчастью оказываются его друг детства — прогоревший финансист, бандит, смертельно больной старик, северокорейская перебежчица, иммигрант из Пакистана и многие другие отчаянно нуждающиеся в деньгах.', '2021-09-17', 'serial'),
  ('Бумажный дом', '/static/la-casa-de-papel_card_image.png', '/static/la-casa-de-papel_album_image.png', 5, 8.2, 'История о преступниках, решивших ограбить Королевский монетный двор Испании и украсть 2,4 млрд евро.', '2017-05-02', 'serial'),
  ('Лучше звоните Соулу', '/static/better-call-saul_card_image.png', '/static/better-call-saul_album_image.png', 2, 8.4, 'История об испытаниях и невзгодах, которые приходится преодолеть Солу Гудману, адвокату по уголовным делам, в тот период, когда он пытается открыть свою собственную адвокатскую контору в Альбукерке, штат Нью-Мексико.', '2015-02-08', 'serial'),

  ('1+1', '/static/1+1_card_image.png', '/static/1+1_album_image.png', 6, 8.8, 'Пострадав в результате несчастного случая, богатый аристократ Филипп нанимает в помощники человека, который менее всего подходит для этой работы, – молодого жителя предместья Дрисса, только что освободившегося из тюрьмы. Несмотря на то, что Филипп прикован к инвалидному креслу, Дриссу удается привнести в размеренную жизнь аристократа дух приключений.', '2011-09-23', 'film'),
  ('Аватар', '/static/avatar_card_image.png', '/static/avatar_album_image.png', 2, 8.0, 'Бывший морпех Джейк Салли прикован к инвалидному креслу. Несмотря на немощное тело, Джейк в душе по-прежнему остается воином. Он получает задание совершить путешествие в несколько световых лет к базе землян на планете Пандора, где корпорации добывают редкий минерал, имеющий огромное значение для выхода Земли из энергетического кризиса.', '2009-12-10', 'film'),
  ('Иллюзия обмана', '/static/how-you-see-me_card_image.png', '/static/how-you-see-me_album_image.png', 2, 7.7, 'Команда лучших иллюзионистов мира проворачивает дерзкие ограбления прямо во время своих шоу, играя в кошки-мышки с агентами ФБР.', '2013-05-21', 'film'),
  ('Бесславные ублюдки', '/static/inglorious-basterds_card_image.jpg', '/static/inglorious-basterds_album_image.png', 2, 8.0, 'Вторая мировая война. В оккупированной немцами Франции группа американских солдат-евреев наводит страх на нацистов, жестоко убивая и скальпируя солдат.', '2009-05-20', 'film'),
  ('Интерстеллар', '/static/interstellar_card_image.png', '/static/interstellar_album_image.png', 2, 8.6, 'Наше время на Земле подошло к концу, команда исследователей берет на себя самую важную миссию в истории человечества; путешествуя за пределами нашей галактики, чтобы узнать есть ли у человечества будущее среди звезд.', '2014-11-06', 'film'),
  ('Легенда №17', '/static/legend17_card_image.png', '/static/legend17_album_image.png', 1, 8.0, 'История жизни хоккеиста Валерия Харламова.', '2013-04-18', 'film'),
  ('Человек, который изменил все', '/static/moneyball_card_image.png', '/static/moneyball_album_image.png', 2, 7.7, '2001 год. Менеджер бейсбольной команды Oakland Athletics Билли Бин после проигрыша в ключевом матче команде New York Yankees, которая обладает значительно большим бюджетом, решает в корне изменить систему подбора игроков. Во время деловой поездки в Кливленд он знакомится с молодым выпускником Йеля, экономистом Питером Брэндом, который при помощи математических расчётов предлагает внедрить новаторскую схему оценки полезности игроков, основываясь на показателях их личной статистики.', '2011-09-09', 'film'),
  ('Остров проклятых', '/static/shutter-island_card_image.png', '/static/shutter-island_album_image.png', 2, 8.5, 'Два американских судебных пристава отправляются на один из островов в штате Массачусетс, чтобы расследовать исчезновение пациентки клиники для умалишенных преступников. При проведении расследования им придется столкнуться с паутиной лжи, обрушившимся ураганом и смертельным бунтом обитателей клиники.', '2010-02-13', 'film'),
  ('Такси 2', '/static/taxi2_card_image.png', '/static/taxi2_album_image.png', 6, 7.7, 'Во Францию прибывает министр обороны Японии. Цель его визита - ознакомиться с французским опытом борьбы с терроризмом и подписать «контракт века» о взаимном сотрудничестве. Неожиданно во время показательных выступлений французской полиции министра обороны похищают якудза, желающая сорвать заключение наиважнейшего контракта. Даниэль и Эмильен отправляются на поиски высокого гостя. В дело вступает уже хорошо знакомое нам такси.', '2000-03-25', 'film'),
  ('Множественные святые Ньюагка', '/static/the-many-saints-of-newark_card_image.png', '/static/the-many-saints-of-newark_album_image.png', 2, 5.9, '1967 год, Ньюарк в штате Нью-Джерси. Маленький Тони Сопрано восхищается деловым партнёром отца — Ричардом Молтисанти по прозвищу Дики. Тот ответственно ведёт доверенную ему отцом, местным криминальным авторитетом, часть бизнеса и, в отличие от остальных мафиози, не гнушается иметь дело с чернокожими. Когда в городе вспыхивают беспорядки, спровоцированные жестоким обращением полиции с чёрным таксистом, Дики совершает импульсивный поступок и использует окружающий хаос в качестве прикрытия.', '2021-09-22', 'film'),
  ('Перевозчик', '/static/the-transporter_card_image.png', '/static/the-transporter_album_image.png', 2, 7.4, 'Бывший десантник Фрэнк Мартин имеет неплохой бизнес - перевозит любые грузы по французскому Средиземноморью и делает свою работу быстро и качественно. Недостатка в клиентах нет, ведь он всегда неукоснительно соблюдает три правила: не меняет условий сделки, не спрашивает никаких имен и никогда не заглядывает в багаж. Но однажды, перевозя груз клиента по имени Уолл Стрит, Фрэнк обнаруживает, что мешок шевелится. Впервые за все время Мартин нарушает правило, заглядывает внутрь пакета и обнаруживает там красивую женщину, которая оказывается дочерью видного китайского мафиози...', '2002-10-02', 'film'),
  ('Трансформеры', '/static/transformers_card_image.png', '/static/transformers_album_image.png', 2, 7.6, 'В течение многих столетий две расы роботов-инопланетян — Автоботы и Десептиконы — вели войну, ставкой в которой была судьба Вселенной. И вот война докатилась до Земли. В то время, когда силы зла ищут ключ к верховной власти, наш последний шанс на спасение находится в руках юного землянина. Единственное, что стоит между несущими зло Десептиконами и высшей властью — это ключ, находящийся в руках простого парнишки.', '2007-07-04', 'film'),
  ('Волк с Уолл-Стрит', '/static/wolf-of-wall-street-card_image.png', '/static/wolf-of-wall-street-album_image.png', 2, 8.0, '1987 год. Джордан Белфорт становится брокером в успешном инвестиционном банке. Вскоре банк закрывается после внезапного обвала индекса Доу-Джонса. По совету жены Терезы Джордан устраивается в небольшое заведение, занимающееся мелкими акциями. Его настойчивый стиль общения с клиентами и врождённая харизма быстро даёт свои плоды.', '2013-12-09', 'film'),

  ('Мстители', '/static/avengers_card_image.png', '/static/avengers_album_image.png', 2, 7.9, 'Локи, сводный брат Тора, возвращается, и в этот раз он не один. Земля оказывается на грани порабощения, и только лучшие из лучших могут спасти человечество. Глава международной организации Щ.И.Т. Ник Фьюри собирает выдающихся поборников справедливости и добра, чтобы отразить атаку. Под предводительством Капитана Америки Железный Человек, Тор, Невероятный Халк, Соколиный Глаз и Чёрная Вдова вступают в войну с захватчиком.', '2012-04-11', 'film'),
  ('Еще по одной', '/static/druk_card_image.png', '/static/druk_album_image.png', 7, 7.6, 'В ресторане собираются учитель истории, психологии, музыки и физрук, чтобы отметить 40-летие одного из них. И решают проверить научную теорию о том, что c самого рождения человек страдает от нехватки алкоголя в крови, а чтобы стать по-настоящему счастливым, нужно быть немного нетрезвым. Друзья договариваются наблюдать, как возлияния скажутся на их работе и личной жизни, и устанавливают правила: не пить вечером и по выходным. Казалось бы, что может пойти не так?', '2020-09-12', 'film'),
  ('Форд против Феррари', '/static/ford-v-ferrari_card_image.png', '/static/ford-v-ferrari_album_image.png', 2, 8.2, 'В начале 1960-х Генри Форд II принимает решение улучшить имидж компании и сменить курс на производство более модных автомобилей. После неудавшейся попытки купить практически банкрота Ferrari американцы решают бросить вызов итальянским конкурентам на трассе и выиграть престижную гонку 24 часа Ле-Мана. Чтобы создать подходящую машину, компания нанимает автоконструктора Кэррола Шэлби, а тот отказывается работать без выдающегося, но, как считается, трудного в общении гонщика Кена Майлза. Вместе они принимаются за разработку впоследствии знаменитого спорткара Ford GT40.', '2019-08-30', 'film'),
  ('Зеленая книга', '/static/greenbook_card_image.png', '/static/greenbook_album_image.png', 2, 8.5, '1960-е годы. После закрытия нью-йоркского ночного клуба на ремонт вышибала Тони по прозвищу Болтун ищет подработку на пару месяцев. Как раз в это время Дон Ширли — утонченный светский лев, богатый и талантливый чернокожий музыкант, исполняющий классическую музыку — собирается в турне по южным штатам, где ещё сильны расистские убеждения и царит сегрегация. Он нанимает Тони в качестве водителя, телохранителя и человека, способного решать текущие проблемы. У этих двоих так мало общего, и эта поездка навсегда изменит жизнь обоих.', '2018-09-11', 'film'),
  ('Однажды в Голливуде', '/static/hollywood_card_image.png', '/static/hollywood_album_image.png', 2, 5.9, 'Лента рассказывает о нелегких буднях крупного продюсера, пытающегося закончить съемки многострадальной ленты. Голливуд – место не для слабаков, и в этом ему в очередной раз придется убедиться на собственной шкуре…', '2008-01-19', 'film'),
  ('Ламборгини', '/static/lamborghini_card_image.png', '/static/lamborghini_album_image.png', 2, 6.7, 'Ферруччо Ламборгини возвращается домой с полей Второй мировой. Италия находится в руинах. Но если для кого-то это трагедия, то для других возможности. Ламборгини не собирается копаться в земле, как его мама и папа. Он хочет собирать спорткары. Всю жизнь он интересовался различными механизмами и металлическими конструкциями. Молодой человек верит в себя, и ему удается построить успешный бизнес по конструированию тракторов, но свою мечту Ферруччо не оставляет. Уже во взрослом возрасте Ламборгини собирает неземной красоты спорткар, надеясь обогнать конкурента в лице Энцо Феррари.', '2022-10-23', 'film'),
  ('Легенда', '/static/legend_card_image.png', '/static/legend_album_image.png', 3, 7.2, 'Близнецы Реджи и Ронни Крэй — культовые фигуры преступного мира Великобритании 1960-х. Братья возглавляли самую влиятельную бандитскую группировку Ист-Энда. В их послужном списке были вооруженные грабежи, рэкет, поджоги, покушения, убийства и собственный ночной клуб, куда доезжали даже голливудские знаменитости. Среди их жертв — криминальные авторитеты Джек МакВитти и Джордж Корнелл.', '2015-09-03', 'film'),
  ('Пеле: Рождение легенды', '/static/pele_card_image.png', '/static/pele_album_image.png', 2, 8.4, 'История стремительного восхождения талантливого мальчика Пеле из трущоб Сан-Паулу - от дворовой босоногой команды до победы на Чемпионате мира.', '2016-04-23', 'film'),
  ('Стрельцов', '/static/streltsov_card_image.png', '/static/streltsov_album_image.png', 1, 7.1, 'К 20 годам у него есть все, о чем только можно мечтать: талант, деньги, слава, любовь. Он — Эдуард Стрельцов, восходящая звезда советского футбола и кумир миллионов. Вся страна с замиранием сердца ждет побед советской сборной на предстоящем Чемпионате мира в Швеции и дуэли Стрельцова с Пеле. Но за два дня до отъезда команды недоброжелатели ломают судьбу спортсмена.', '2020-09-24', 'film'),
  ('Гнев человеческий', '/static/wrath-of-man_card_image.png', '/static/wrath-of-man_album_image.png', 3, 7.6, 'Грузовики лос-анджелесской инкассаторской компании Fortico Security часто подвергаются нападениям, и во время очередного ограбления погибают оба охранника. Через некоторое время в компанию устраивается крепкий немногословный британец Патрик Хилл. Он получает от босса прозвище Эйч и, впритык к необходимому минимуму пройдя тесты по фитнесу, стрельбе и вождению, отправляется на первое задание. Вскоре и его грузовик пытаются ограбить вооруженные налётчики, но Эйч в одиночку расправляется с целой бандой и становится героем. Кажется, слава и уважение коллег его совершенно не интересуют, ведь он преследует свои цели.', '2021-04-22', 'film'),
  ('Брат 2', '/static/brat2_card_image.jpg', '/static/brat2_album_image.jpg', 1, 8.2, 'Участвуя в программе на телевидении, Данила Багров встречает своих друзей по службе в Чечне. Одного из них внезапно убивают. Выясняется, что у того были неприятности из-за брата-хоккеиста в Америке. Данила должен разобраться. Он вылетает в Америку и за компанию берёт с собой старшего брата.', '2000-08-30', 'film');

INSERT INTO public.movie_genres (movie_id, genre_id)
VALUES
  (1, 1),
  (1, 3),
  (1, 5),
  (2, 1),
  (2, 4),
  (3, 4),
  (3, 5),
  (4, 3),
  (5, 6),
  (5, 4),
  (5, 3),
  (6, 2),
  (7, 2),
  (7, 5),
  (8, 4),
  (8, 8),
  (9, 1),
  (9, 3),
  (9, 5),
  (10, 1),
  (10, 4),
  (11, 4),
  (11, 5),
  (12, 3),
  (13, 6),
  (13, 4),
  (13, 3),
  (14, 2),
  (15, 2),
  (15, 5),
  (16, 4),
  (16, 8),
  (17, 1),
  (17, 4),
  (18, 4),
  (18, 5),
  (19, 3),
  (20, 6),
  (20, 4),
  (20, 3),
  (21, 2),
  (22, 2),
  (22, 5),
  (23, 4),
  (24, 8),
  (25, 8),
  (26, 8),
  (27, 8);

INSERT INTO public.collections (title, card_url)
VALUES
  ('Лучшие сериалы', ''),
  ('Классика 10-х годов', ''),
  ('Выбор редакции', '');

INSERT INTO public.movie_collections (movie_id, collection_id)
VALUES
  (1, 1),
  (2, 1),
  (3, 1),
  (4, 2),
  (5, 2),
  (6, 2),
  (7, 2),
  (8, 2),
  (9, 2),
  (10, 2),
  (11, 2),
  (12, 2),
  (13, 2),
  (14, 2),
  (15, 2),
  (16, 2),
  (17, 3),
  (18, 3),
  (19, 3),
  (20, 3),
  (21, 3),
  (22, 3),
  (23, 3),
  (24, 3),
  (25, 3),
  (26, 3),
  (27, 3);
