INSERT INTO public.genres (title)
VALUES
  ('Триллер'),
  ('Драма'),
  ('Выживание'),
  ('Криминал'),
  ('Комедия'),
  ('Ситком'),
  ('Биография'),
  ('Фантастика'),
  ('Боевик'),
  ('Приключения'),
  ('Детектив'),
  ('Спорт');

INSERT INTO public.countries (title, code)
VALUES
  ('Россия', 'rus'),
  ('США', 'usa'),
  ('Великобритания', 'uk'),
  ('Южная Корея', 'kor'),
  ('Испания', 'es'),
  ('Франция', 'fr'),
  ('Дания', 'dk'),
  ('СССР', 'ussr'),
  ('Швеция', 'swe'),
  ('Австрия', 'aut'),
  ('Бразилия', 'bra'),
  ('Оман', 'om'),
  ('Австралия', 'aus'),
  ('Тайвань', 'twn'),
  ('ФРГ', 'frg');

INSERT INTO public.directors (first_name, second_name)
VALUES
  ('Кристофер', 'Нолан'),
  ('Оливье', 'Накаш'),
  ('Джеймс', 'Кэмерон'),
  ('Энтони', 'Руссо'),
  ('Алексей', 'Балабанов'),
  ('Томас', 'Винтерберг'),
  ('Джеймс', 'Мэнголд'),
  ('Питер', 'Фаррелли'),
  ('Луи', 'Летерье'),
  ('Квентин', 'Тарантино'),
  ('Дмитрий', 'Дьяченко'),
  ('Роберт', 'Мореско'),
  ('Брайан', 'Хелгеленд'),
  ('Николай', 'Лебедев'),
  ('Беннетт', 'Миллер'),
  ('Джефф', 'Цимбалист'),
  ('Мартин', 'Скорсезе'),
  ('Хван', 'Дон-хёк'),
  ('Илья', 'Учитель'),
  ('Жерар', 'Кравчик'),
  ('Алан', 'Тейлор'),
  ('Луи', 'Летерье'),
  ('Майкл', 'Бэй'),
  ('Гай', 'Ричи'),
  ('Хесус', 'Кольменар');

INSERT INTO public.movies (director_id, video_url, title_url, title, short_description, card_url, album_url, country_id, rating, long_description, release_date, movie_type)
VALUES
  (18, '/static/movies/squid-game/movie.mp4', '/static/movies/squid-game/logo.png', 'Игра в кальмара', 'Под маской детских игр и забавных заданий скрывается жестокая конкуренция, которая приводит к драматическим последствиям.', '/static/movies/squid-game/card.png', '/static/movies/squid-game/poster.png', 4, 7.6, 'Сон Ги-хун уже немолод, разведён, по уши погряз в долгах и сидит на шее у старенькой матери. Даже выигранные на скачках деньги в его руках долго не задерживаются, и однажды он встречает в метро загадочного незнакомца, который сначала предлагает сыграть в детскую игру, а затем вручает Ги-хуну немалую сумму и визитку. Но радость мужчины сменятся отчаянием, когда он узнаёт, что бывшая жена с новым мужем собираются увезти его дочь в Америку. Он звонит по номеру с визитки и становится последним участником тайных игр на выживание с призом в 40 миллионов долларов. Среди товарищей по несчастью оказываются его друг детства — прогоревший финансист, бандит, смертельно больной старик, северокорейская перебежчица, иммигрант из Пакистана и многие другие отчаянно нуждающиеся в деньгах.', '2021-09-17', 'serial'),
  (25, '/static/movies/paper_house/movie.mp4', '/static/movies/paper_house/logo.png', 'Бумажный дом', 'короткое описание', '/static/movies/paper_house/card.png', '/static/movies/paper_house/poster.png', 5, 8.2, 'История о преступниках, решивших ограбить Королевский монетный двор Испании и украсть 2,4 млрд евро.', '2017-05-02', 'serial'),
  (11, '/static/movies/kitcnen/movie.mp4', '/static/movies/kitcnen/logo.png', 'Кухня', 'Звёзды отечественного кинематографа в популярном ситкоме о закулисной жизни одного из столичных лакшери-ресторанов', '/static/movies/kitcnen/card.png', '/static/movies/kitcnen/poster.png', 1, 8.2, 'Сага со звездным актерским составом об истории сотрудников одного московского ресторана высокой кухни. Заведение с громким названием «Клод Моне» славится на всю столицу своей изысканной кухней, от посетителей самого высокого ранга нет отбоя, а повара здесь самые настоящие небожители. Именно поэтому амбициозный кулинар из провинции Макс Лавров не видит себя нигде, кроме как в этой стройной и весьма колоритной команде — так что, чтобы закрепиться в «Клоде Моне», ему придется многое пережить и претерпеть.', '2012-10-22', 'serial'),

  (2, '/static/movies/1+1/movie.mp4', '/static/movies/1+1/logo.png', '1+1', 'Аристократ на коляске нанимает в сиделки бывшего заключенного. Искрометная французская комедия с Омаром Си', '/static/movies/1+1/card.png', '/static/movies/1+1/poster.png', 6, 8.8, 'Жизнеутверждающая комедия о дружбе и преодолении трудностей. Филиппу требуется уход, и из всех претендентов на должность помощника он выбирает молодого сенегальца Дрисса с криминальным прошлым. Несмотря на расовые и классовые различия, Филипп и Дрисс становятся настоящими друзьями и обретают новый опыт. Удивительно воодушевляющая история, основанная на реальных событиях.', '2011-09-23', 'film'),
  (3, '/static/movies/avatar/movie.mp4', '/static/movies/avatar/logo.png', 'Аватар', 'Парализованный морпех становится мессией для жителей Пандоры. Самый кассовый фильм в истории кино', '/static/movies/avatar/card.png', '/static/movies/avatar/poster.png', 2, 8.0, 'Бывший морпех Джейк Салли прикован к инвалидному креслу. Несмотря на немощное тело, Джейк в душе по-прежнему остается воином. Он получает задание совершить путешествие в несколько световых лет к базе землян на планете Пандора, где корпорации добывают редкий минерал, имеющий огромное значение для выхода Земли из энергетического кризиса.', '2009-12-10', 'film'),
  (9, '/static/movies/how-you-see-me/movie.mp4', '/static/movies/how-you-see-me/logo.png', 'Иллюзия обмана', 'Банда трюкачей разоблачает фокусы коррупционеров. Ошеломляющие магические ограбления от Джесси Айзенберга и компании', '/static/movies/how-you-see-me/card.png', '/static/movies/how-you-see-me/poster.png', 2, 7.7, 'Зрелищный экшн-триллер о талантливых иллюзионистах, играющих не только с законами разума. Что может быть более волнующим чем ограбление банка прямо на сцене телешоу, особенно когда полученные деньги сыпятся прямо в зрительный зал. Именно такими номерами славится великолепная четвёрка иллюзионистов, объединенная таинственным незнакомцем. Удастся ли заинтересовавшимся шоу властям разгадать секрет номера? В картине приняли участия такие звёзды кино как: Марк Руффало, Морган Фриман, Вуди Харрельсон, Майкл Кейн и другие.', '2013-05-21', 'film'),
  (10, '/static/movies/inglourious-basterds/movie.mp4', '/static/movies/inglourious-basterds/logo.png', 'Бесславные ублюдки', 'Американский спецотряд жестоко расправляется с нацистами. Пародия на военные фильмы от Квентина Тарантино', '/static/movies/inglourious-basterds/card.png', '/static/movies/inglourious-basterds/poster.png', 2, 8.0, 'Провокационная комедия Квентина Тарантино о специальном отряде солдат, охотящихся на нацистов во время Второй мировой войны. Поклонники фирменного стиля режиссера будут рады: в фильме есть и юмор, и пародия на киножанры, и интеллектуальные задачки для любителей кино. Актерский состав на высоте. Например, игра Кристофа Вальца в этом фильме принесла ему первый «Оскар» за мужскую роль.', '2009-05-20', 'film'),
  (1, '/static/movies/interstellar/movie.mp4', '/static/movies/interstellar/logo.png', 'Интерстеллар', 'Фантастический эпос про задыхающуюся Землю, космические полеты и парадоксы времени. «Оскар» за спецэффекты', '/static/movies/interstellar/card.png', '/static/movies/interstellar/poster.png', 2, 8.6, 'Когда засуха приводит человечество к продовольственному кризису, коллектив исследователей и учёных отправляется сквозь червоточину (которая предположительно соединяет области пространства-времени через большое расстояние) в путешествие, чтобы превзойти прежние ограничения для космических путешествий человека и переселить человечество на другую планету.', '2014-11-06', 'film'),
  (14, '/static/movies/legend17/movie.mp4', '/static/movies/legend17/logo.png', 'Легенда №17', 'В хоккей играют настоящие герои. Российский байопик о звезде советского хоккея Валерии Харламове с Данилой Козловским', '/static/movies/legend17/card.png', '/static/movies/legend17/poster.png', 1, 8.0, 'Российский байопик о звезде советского хоккея. 1972 год стал для советского хоккея запоминающимся. Знаменательный матч между командами СССР и Канады вспоминают до сих пор. «Легенда № 17» (2013) — это не просто кино, это дань уважения величайшим спортсменам прошлого. Валерий Харламов влюбился в хоккей еще в раннем возрасте и постепенно достигает больших успехов. Вот только травма способна разрушить все планы на будущее. Отчаявшись, парень опускает руки, «ломается». Только благодаря упорству, профессионализму и жесткости тренера, Анатолия Тарасова, он вновь выходит на лед. Именно его возвращение в русскую сборною сделало результат матча. Хотите узнать, каково это было? Смотрите фильм онлайн в нашем кинотеатре.', '2013-04-18', 'film'),
  (15, '/static/movies/moneyball/movie.mp4', '/static/movies/moneyball/logo.png', 'Человек, который изменил все', 'Менеджер-визионер пытается сделать из аутсайдеров чемпионов. Спортивная драма по сценарию Аарона Соркина', '/static/movies/moneyball/card.png', '/static/movies/moneyball/poster.png', 2, 7.7, '2001 год. Менеджер бейсбольной команды Oakland Athletics Билли Бин после проигрыша в ключевом матче команде New York Yankees, которая обладает значительно большим бюджетом, решает в корне изменить систему подбора игроков. Во время деловой поездки в Кливленд он знакомится с молодым выпускником Йеля, экономистом Питером Брэндом, который при помощи математических расчётов предлагает внедрить новаторскую схему оценки полезности игроков, основываясь на показателях их личной статистики.', '2011-09-09', 'film'),
  (17, '/static/movies/shutter-island/movie.mp4', '/static/movies/shutter-island/logo.png', 'Остров проклятых', 'Тонкая грань между реальностью и безумием в детективе от Мартина Скорсезе и разобранный на мемы ДиКаприо', '/static/movies/shutter-island/card.png', '/static/movies/shutter-island/poster.png', 2, 8.5, '1950-е. Федеральный маршал Эдвард Дэниелс (Леонардо ДиКаприо) отправляется на неприступный остров в особо охраняемую лечебницу для душевнобольных преступников. Ему с напарником предстоит расследовать исчезновение из закрытой камеры убийцы троих детей Рейчел Соландо. Мрачный остров, таящий множество тайн, откроет перед героем страшные подробности его прошлого.', '2010-02-13', 'film'),
  (20, '/static/movies/taxi2/movie.mp4', '/static/movies/taxi2/logo.png', 'Такси 2', 'Устроить роды в машине, успеть на званый обед и разобраться с якудзой — очередные приключения водителя белого «Пежо»', '/static/movies/taxi2/card.png', '/static/movies/taxi2/poster.png', 6, 7.7, 'Пристегнуть ремни безопасности хотят даже зрители в кинотеатре. Неугомонный Даниэль по-прежнему работает таксистом в Марселе и, несмотря на бесчисленное количество штрафов, придерживается совершенно бешеного стиля езды. Только теперь он еще старается построить отношения с любимой девушкой Лили, что значит, понравиться и ее родителям. Неожиданно суровому отцу Лили, генералу Бертенье, понадобился водитель с машиной. Будущий зятек смог показать себя во всей красе на скорости 300 км\час. Так, благодаря рекомендациям генерала, простой таксист становится водителем спецмашины министра Франции.', '2000-03-25', 'film'),
  (21, '/static/movies/the-many-saints-of-newark/movie.mp4', '/static/movies/the-many-saints-of-newark/logo.png', 'Множественные святые Ньюагка', 'Итальянская мафия борется за власть в Америке 1960-70-х. Приквел «Сопрано» по сценарию Дэвида Чейза', '/static/movies/the-many-saints-of-newark/card.png', '/static/movies/the-many-saints-of-newark/poster.png', 2, 5.9, '1967 год, Ньюарк в штате Нью-Джерси. Маленький Тони Сопрано восхищается деловым партнёром отца — Ричардом Молтисанти по прозвищу Дики. Тот ответственно ведёт доверенную ему отцом, местным криминальным авторитетом, часть бизнеса и, в отличие от остальных мафиози, не гнушается иметь дело с чернокожими. Когда в городе вспыхивают беспорядки, спровоцированные жестоким обращением полиции с чёрным таксистом, Дики совершает импульсивный поступок и использует окружающий хаос в качестве прикрытия.', '2021-09-22', 'film'),
  (22, '/static/movies/the-transporter/movie.mp4', '/static/movies/the-transporter/logo.png', 'Перевозчик', 'Перевозя очередную посылку, Фрэнк вынужден нарушить привычные правила. Джейсон Стэйтем в скоростном роуд-муви', '/static/movies/the-transporter/card.png', '/static/movies/the-transporter/poster.jpg', 2, 7.4, 'Бывший десантник Фрэнк Мартин имеет неплохой бизнес - перевозит любые грузы по французскому Средиземноморью и делает свою работу быстро и качественно. Недостатка в клиентах нет, ведь он всегда неукоснительно соблюдает три правила: не меняет условий сделки, не спрашивает никаких имен и никогда не заглядывает в багаж. Но однажды, перевозя груз клиента по имени Уолл Стрит, Фрэнк обнаруживает, что мешок шевелится. Впервые за все время Мартин нарушает правило, заглядывает внутрь пакета и обнаруживает там красивую женщину, которая оказывается дочерью видного китайского мафиози...', '2002-10-02', 'film'),
  (23, '/static/movies/transformers/movie.mp4', '/static/movies/transformers/logo.png', 'Трансформеры', 'Сэм хочет крутую тачку, а получает живого робота. Начало масштабной франшизы Майкла Бэя о машинах и людях', '/static/movies/transformers/card.png', '/static/movies/transformers/poster.png', 2, 7.6, 'В течение многих столетий две расы роботов-инопланетян — Автоботы и Десептиконы — вели войну, ставкой в которой была судьба Вселенной. И вот война докатилась до Земли. В то время, когда силы зла ищут ключ к верховной власти, наш последний шанс на спасение находится в руках юного землянина. Единственное, что стоит между несущими зло Десептиконами и высшей властью - это ключ, находящийся в руках простого парнишки. Обычный подросток, Сэм Уитвикки озабочен повседневными хлопотами — школа, друзья, машины, девочки. Не ведая о том, что он является последним шансом человечества на спасение, Сэм вместе со своей подругой Микаэлой оказывается вовлеченным в противостояние Автоботов и Десептиконов. Только тогда Сэм понимает истинное значение семейного девиза Уитвикки — «без жертв нет победы!»', '2007-07-04', 'film'),
  (17, '/static/movies/wolf-of-wall-street/movie.mp4', '/static/movies/wolf-of-wall-street/logo.png', 'Волк с Уолл-Стрит', 'Восхождение циника-гедониста на бизнес-олимп 1980-х. Блистательный тандем Леонардо ДиКаприо и Мартина Скорсезе', '/static/movies/wolf-of-wall-street/card.png', '/static/movies/wolf-of-wall-street/poster.png', 2, 8.0, '1987 год. Джордан Белфорт становится брокером в успешном инвестиционном банке. Вскоре банк закрывается после внезапного обвала индекса Доу-Джонса. По совету жены Терезы Джордан устраивается в небольшое заведение, занимающееся мелкими акциями. Его настойчивый стиль общения с клиентами и врождённая харизма быстро даёт свои плоды. Он знакомится с соседом по дому Донни, торговцем, который сразу находит общий язык с Джорданом и решает открыть с ним собственную фирму. В качестве сотрудников они нанимают нескольких друзей Белфорта, его отца Макса и называют компанию «Стрэттон Оукмонт». В свободное от работы время Джордан прожигает жизнь: лавирует от одной вечеринки к другой, вступает в сексуальные отношения с проститутками, употребляет множество наркотических препаратов, в том числе кокаин и кваалюд. Однажды наступает момент, когда быстрым обогащением Белфорта начинает интересоваться агент ФБР...', '2013-12-09', 'film'),

  (4, '/static/movies/avengers/movie.mp4', '/static/movies/avengers/logo.png', 'Мстители', 'Титан Танос вынашивает страшный план — угрозу всей Вселенной. Предпоследний фильм о суперкоманде Marvel', '/static/movies/avengers/card.png', '/static/movies/avengers/poster.png', 2, 7.9, 'Пока Мстители и их союзники продолжают защищать мир от различных опасностей, с которыми не смог бы справиться один супергерой, новая угроза возникает из космоса: Танос. Межгалактический тиран преследует цель собрать все шесть Камней Бесконечности - артефакты невероятной силы, с помощью которых можно менять реальность по своему желанию. Всё, с чем Мстители сталкивались ранее, вело к этому моменту – судьба Земли никогда ещё не была столь неопределённой.', '2012-04-11', 'film'),
  (6, '/static/movies/drunk/movie.mp4', '/static/movies/drunk/logo.png', 'Еще по одной', 'Четыре школьных учителя проверяют на себе гипотезу о пользе алкоголя. Душеспасительное драмеди с Мадсом Миккельсеном', '/static/movies/drunk/card.png', '/static/movies/drunk/poster.png', 7, 7.6, 'Фильм получил премию «Оскар» в номинации «Лучший фильм на иностранном языке». Трогательная драма о том, что будет, если выпивать всегда, но по чуть-чуть. Школьный учитель Мартин (Мадс Миккельсен) испытывает выгорание: ученики не стараются, дни тянутся, словно вагоны нескончаемого поезда. Вместе с друзьями он решает проверить одну теорию. Всем известно, как хорошо бывает после первого бокала. А что, если постоянно и равномерно поддерживать градус, не напиваясь? Задумка быстро приносит положительные результаты, мир расцветает. Но долго ли это продлится? Режиссер фильмов «Курск» и «Охота» представляет историю, в которой нетрудно будет узнать самих себя.', '2020-09-12', 'film'),
  (7, '/static/movies/ford-v-ferrari/movie.mp4', '/static/movies/ford-v-ferrari/logo.png', 'Форд против Феррари', 'Автоконструктор и строптивый гонщик против непобедимых конкурентов. Биографическая драма о любви к скорости', '/static/movies/ford-v-ferrari/card.png', '/static/movies/ford-v-ferrari/poster.png', 2, 8.2, 'В начале 1960-х Генри Форд II принимает решение улучшить имидж компании и сменить курс на производство более модных автомобилей. После неудавшейся попытки купить практически банкрота Ferrari американцы решают бросить вызов итальянским конкурентам на трассе и выиграть престижную гонку 24 часа Ле-Мана. Чтобы создать подходящую машину, компания нанимает автоконструктора Кэррола Шэлби, а тот отказывается работать без выдающегося, но, как считается, трудного в общении гонщика Кена Майлза. Вместе они принимаются за разработку впоследствии знаменитого спорткара Ford GT40.', '2019-08-30', 'film'),
  (8, '/static/movies/greenbook/movie.mp4', '/static/movies/greenbook/logo.png', 'Зеленая книга', 'Простой белый парень сопровождает известного чернокожего музыканта во время тура по югу США в шестидесятые годы', '/static/movies/greenbook/card.png', '/static/movies/greenbook/poster.png', 2, 8.5, 'Оскароносное роуд-муви о дружбе утонченного музыканта и простого парня из Бронкса. Реальная история джазового пианиста Дона Ширли и его хамоватого водителя Тони. Несмотря на свою непохожесть, герои постепенно становятся верными друзьями. Кино о дружбе, которая ломает стереотипы и расовые предрассудки. О человечности и ошибках прошлых поколений, которые не стоит повторять.', '2018-09-11', 'film'),
  (10, '/static/movies/once-in-hollywood/movie.mp4', '/static/movies/once-in-hollywood/logo.png', 'Однажды в Голливуде', 'Можно ли переписать историю? Самый ностальгический фильм Тарантино — с Шэрон Тейт, Брюсом Ли и Чарли Мэнсоном', '/static/movies/once-in-hollywood/card.png', '/static/movies/once-in-hollywood/poster.png', 2, 5.9, 'Фильм повествует о череде событий, произошедших в Голливуде в 1969 году, на закате его «золотого века». Известный актер Рик Далтон и его дублер Клифф Бут пытаются найти свое место в стремительно меняющемся мире киноиндустрии.', '2008-01-19', 'film'),
  (12, '/static/movies/lamborgini/movie.mp4', '/static/movies/lamborgini/logo.png', 'Ламборгини', 'Ферруччо Ламборгини собирает красивый спорткар, который утрет нос концерну Феррари. Байопик с Фрэнком Грилло', '/static/movies/lamborgini/card.png', '/static/movies/lamborgini/poster.png', 2, 6.7, 'Ферруччо Ламборгини (Романо Реджиани) возвращается домой с полей Второй мировой. Италия находится в руинах. Но если для кого-то это трагедия, то для других возможности. Ламборгини не собирается копаться в земле, как его мама (Франческа Де Мартини) и папа (Фортунато Серлино). Он хочет собирать спорткары. Всю жизнь он интересовался различными механизмами и металлическими конструкциями. Молодой человек верит в себя, и ему удается построить успешный бизнес по конструированию тракторов, но свою мечту Ферруччо не оставляет. Уже во взрослом возрасте Ламборгини (Фрэнк Грилло) собирает неземной красоты спорткар, надеясь обогнать конкурента в лице Энцо Феррари (Гэбриел Бирн). Байопик знаменитого итальянского инженера и бизнесмена снял Бобби Мореско, обладатель «Оскара» за лучший оригинальный сценарий «Столкновения» и один из продюсеров «Малышки на миллион» Клинта Иствуда.', '2022-10-23', 'film'),
  (13, '/static/movies/legend/movie.mp4', '/static/movies/legend/logo.png', 'Легенда', 'Взлёт и падение легендарных близнецов Крэй, главных преступников 60-х годов', '/static/movies/legend/card.png', '/static/movies/legend/poster.png', 3, 7.2, 'Байопик о легендарный лондонских генгстерах Крэй и их преступной карьере в 1960-е. Страдающий психическим расстройством и склонный к насилию Рональд по решению суда помещён в специализированную клинику, но его брат Реджи надавил на врача и преступник оказался на свободе, чтобы помочь близнецу стать главными мафиози Британии. Официально Крэй владеют ночным клубом, а в свободное время практикуют рэкет, убийства и грабежи. Реджинальд вступает в романтические отношения с юной Фрэнсис и та рассчитывает, что ради любви, гангстер завяжет с криминалом. Но захочет ли очаровательный глава преступности Ист-Энда встать на путь исправления?"', '2015-09-03', 'film'),
  (16, '/static/movies/pele/movie.mp4', '/static/movies/pele/logo.png', 'Пеле: Рождение легенды', 'Героическая история о начале карьеры лучшего футболиста XX века', '/static/movies/pele/card.png', '/static/movies/pele/poster.png', 2, 8.4, 'Футболист Пеле стал суперзвездой, выступив на чемпионате мира 1958 года. После он профессионально играл в Бразилии ещё два десятилетия, выиграв ещё три главных кубков. В 1999 году он был назван «игроком века» по версии ФИФА. Как начинал свой путь человек, историю которого можно смело назвать не биографией, а агиографией — жизнь бога футбола? Кто научил босоногого мальчишку невероятным приёмам и поддержал в его стремлении прославить Родину?', '2016-04-23', 'film'),
  (19, '/static/movies/streltsov/movie.mp4', '/static/movies/streltsov/logo.png', 'Стрельцов', 'Испытания всесоюзной славой, громкие скандалы и тюрьма. Александр Петров в роли самого свободолюбивого футболиста', '/static/movies/streltsov/card.png', '/static/movies/streltsov/poster.png', 1, 7.1, 'Отечественная спортивная мелодрама об одном из величайших футболистов Советского Союза. К 20 годам Эдуарда Стрельцова знает весь Союз. Он стремительно ворвался в сборную, хотя ещё пару лет назад играл за любительскую команду завода. Сегодня же он лучший игрок «Торпедо», ему доверяет опытный тренер Виктор Маслов. Стрельцов ходит в дорогие рестораны, любит потанцевать и посидеть с друзьями. Режим удаётся соблюдать далеко не всегда, но улыбчивому парню прощают очень многое — такой талант нельзя загубить. В ближайшее время сборная СССР должна отправиться в Швецию на чемпионат мира. В стране ожидают схватки Стрельцова с другим знаменитым юным футболистом — Пеле. Прямо перед отъездом на ответственный турнир торпедовца обвиняют в изнасиловании. Суд приговаривает его к 12 годам заключения. Он отсидит 5 лет, после чего найдёт в себе силы вернуться в большой футбол и вновь напомнить о себе.', '2020-09-24', 'film'),
  (24, '/static/movies/wrath-of-man/movie.mp4', '/static/movies/wrath-of-man/logo.png', 'Гнев человеческий', 'Нелюдимый парень с таинственным прошлым устраивается на работу инкассатором, чтобы совершить священный акт мести', '/static/movies/wrath-of-man/card.png', '/static/movies/wrath-of-man/poster.png', 3, 7.6, 'В инкассаторскую компанию устраивается новый сотрудник Эйч (Джейсон Стэйтем). Он тих и немногословен, что, в принципе, приветствуется в такой сфере, где каждый день перевозят по Лос-Анджелесу миллионы долларов наличными. Но внутри этого загадочного британца бушуют страсти. Он жаждет отомстить банде грабителей, нападавших на инкассаторские машины. Это история мести, которая перемещается по временной шкале то в прошлое, то в настоящее, а также показанная с позиции разных персонажей.', '2021-04-22', 'film'),
  (5, '/static/movies/brother2/movie.mp4', '/static/movies/brother2/logo.png', 'Брат 2', 'Американцы знакомятся с Данилой Багровым и узнают, в чем сила. Сиквел о герое времени с мощным рок-саундтреком', '/static/movies/brother2/card.jpg', '/static/movies/brother2/poster.png', 1, 8.2, 'Сиквел культового боевика о похождениях Данилы Багрова. Прошло два года после событий предыдущего фильма, Данила Багров ищет своё счастье в Москве. Получив приглашение поучаствовать в съемках программы, посвященной героям Чеченской войны, он встречается со своими старыми товарищами. Но вскоре одного из них настигает бандитская пуля, и Данила оказывается втянутым в новые разборки, которые на этот раз заведут его в далекую Америку.', '2000-08-30', 'film');

INSERT INTO public.movie_genres (movie_id, genre_id)
VALUES
  (1, 1),
  (1, 2),
  (1, 3),
  (2, 4),
  (2, 1),
  (2, 2),
  (3, 5),
  (3, 6),
  (4, 5),
  (4, 2),
  (4, 7),
  (5, 8),
  (5, 9),
  (5, 10),
  (6, 1),
  (6, 4),
  (7, 1),
  (7, 2),
  (7, 11),
  (8, 8),
  (8, 2),
  (8, 10),
  (9, 7),
  (9, 2),
  (9, 12),
  (10, 7),
  (10, 2),
  (10, 12),
  (11, 1),
  (11, 11),
  (12, 9),
  (12, 5),
  (13, 4),
  (13, 2),
  (14, 9),
  (14, 1),
  (15, 8),
  (15, 9),
  (16, 7),
  (16, 5),
  (16, 4),
  (17, 8),
  (17, 9),
  (17, 10),
  (18, 2),
  (18, 5),
  (19, 7),
  (19, 2),
  (19, 12),
  (20, 7),
  (20, 2),
  (20, 5),
  (21, 5),
  (21, 2),
  (22, 7),
  (22, 2),
  (23, 7),
  (23, 2),
  (24, 7),
  (24, 2),
  (24, 12),
  (25, 7),
  (25, 2),
  (25, 12),
  (26, 9),
  (26, 1),
  (27, 9),
  (27, 4),
  (27, 2);

INSERT INTO public.collections (title, card_url)
VALUES
  ('Лучшие сериалы', ''),
  ('Классика 10-х годов', ''),
  ('Выбор редакции', '');

INSERT INTO public.movie_collections (movie_id, collection_id)
VALUES
  (1, 1),
  (2, 1),
  (3, 1),
  (4, 2),
  (5, 2),
  (6, 2),
  (7, 2),
  (8, 2),
  (9, 2),
  (10, 2),
  (11, 2),
  (12, 2),
  (13, 2),
  (14, 2),
  (15, 2),
  (16, 2),
  (17, 3),
  (18, 3),
  (19, 3),
  (20, 3),
  (21, 3),
  (22, 3),
  (23, 3),
  (24, 3),
  (25, 3),
  (26, 3),
  (27, 3);

INSERT INTO public.actors (first_name, second_name, birthdate, country_id, small_photo_url, big_photo_url, biography)
VALUES
  ('Педро', 'Алонсо', '1971-06-21', 5, '/static/actors/alonso/small.png', '/static/actors/alonso/big.png', 'Педро Гонсалес Алонсо родился 21 июня 1971 года в Виго, Испания. Изучал журналистику и актерское мастерство в Высшей королевской школе драматического искусства в Мадриде, которую окончил в 1992 году. Начал карьеру актера в 1995 году с главных ролей сразу в четырех фильмах. Снимался в таких сериалах как "Центральная больница", "Мужья и женщины", "Гондар". Одной из значимых телевизионных работ стала роль священника Горацио Касареса в сериале "Отец Касарес" с 2008 по 2015 год. Международную известность принесла роль Диего Муркия в историческом телесериале "Гранд-отель". В 2017 году присоединился к актерскому составу криминальной драмы "Бумажный дом", где исполнил роль Андреса де Фонойоса по прозвищу Берлин. После этого снялся в сериале "Предательство" и веб-драме от Prime Video "Страж Дьявола". В 2019 году вышел триллер "Тишина болот" с его участием. В 2021 году было объявлено о создании спин-оффа "Бумажного дома" под названием "Берлин", премьера которого состоялась в 2023 году. Помимо актерской карьеры, Алонсо также пишет и рисует, публикуя свои работы под псевдонимом Педро Алонсо О`шоро. На его счету несколько номинаций на различные кинонаграды.'),
  ('Анн', 'Ле Ни', '1962-12-16', 6, '/static/actors/ann-le-ni/small.png', '/static/actors/ann-le-ni/big.png', 'Анн Ле Ни — французская актриса. Она родилась 2 марта 1965 года в Париже, начала свою актерскую карьеру в 1980-х годах и с тех пор снялась в нескольких французских фильмах и телешоу. Наиболее известна по роли в фильме «Неприкасаемые» (2011). Ле Ни — талантливая актриса, которую хвалят за ее комедийный талант и драматический диапазон.'),
  ('Франсуа', 'Берлеан', '1952-04-22', 6, '/static/actors/berleand/small.png', '/static/actors/berleand/big.png', 'Франсуа Берлеан — французский актёр, родился 22 апреля 1952 года в Париже. Начал карьеру в кино в 1978 году с ролей второго плана в комедиях 1980-х годов. Добился известности исполнением ролей второго плана в фильмах Луи Маля («До свидания, дети», «Милу в мае») и Катрин Брейя (пилотный проект «порнореализма» — «Романс»). Лауреат премии «Сезар» 2000 года за лучшую мужскую роль второго плана.'),
  ('Сергей', 'Бодров', '1948-06-28', 1, '/static/actors/bodrov/small.png', '/static/actors/bodrov/big.png', 'Сергей Бодров - российский актёр, режиссёр и сценарист, родился 28 декабря 1948 года. Он широко известен благодаря своим ролям в фильмах "Белое солнце пустыни" (1970) и "Собака Павлова" (2005). Бодров также режиссировал и написал сценарий для культового фильма "Брат" (1997) и его продолжения "Брат 2" (2000). Его творчество отличается глубиной, реалистичностью и острой социальной направленностью. Сергей Бодров стал одной из ключевых фигур в российском кинематографе.'),
  ('Марк', 'Богатырев', '1984-12-22', 1, '/static/actors/bogatyrev/small.png', '/static/actors/bogatyrev/big.png', 'Марк Богатырёв - российский актёр театра и кино, родился в 1984 году в Москве. Он получил известность благодаря участию в популярных телесериалах, таких как "Интерны" (2008-2016), где он сыграл одну из главных ролей. Богатырёв также активно работает в театре, где показывает своё мастерство и глубину актёрской игры. Его харизма, талант и способность к тонкому воплощению персонажей делают его одним из ярких представителей молодого поколения российских актёров.'),
  ('Мария', 'Бонневи', '1973-09-26', 9, '/static/actors/bonnevie/small.png', '/static/actors/bonnevie/big.png', 'Мария Бонневи (Анна Мария Сесилия Бонневи) — шведско-норвежская актриса театра и кино. Родилась 26 сентября 1973 года в Вестеросе, Швеция. Популярность завоевала как исполнительница роли Дины в фильме режиссёра Оле Борнедала «Я — Дина» (2002). 1 За эту роль Мария Бонневи получила приз Норвежской киноакадемии, а также приз Монреальского фестиваля 2002 года в номинации «Лучшая женская роль».'),
  ('Линда', 'Карделлини', '1975-06-25', 2, '/static/actors/cardellini/small.png', '/static/actors/cardellini/big.png', 'Линда Эдна Карделлини — американская актриса. Родилась 25 июня 1975 года в Редвуд-Сити, штат Калифорния, в семье домохозяйки Линды (урождённой Эрнан) и бизнесмена Уэйна Дэвида Карделлини. Дебют на ТВ состоялся в 1996 году в телевизионном сериале «Весёлый Роджер» компании ABC. Известна по ролям студентки Линдси Уир в сериале «Хулиганы и ботаны» (с 1999 по 2000 годы) и медсестры Саманты «Сэм» Таггарт в сериале «Скорая помощь» (с 2003 по 2009 годы).'),
  ('Джессика', 'Честейн', '1977-03-24', 2, '/static/actors/chastain/small.png', '/static/actors/chastain/big.png', 'Джессика Честейн (Jessica Chastain) - выдающаяся американская актриса, родилась 24 марта 1977 года. Честейн получила мировую известность благодаря своей роли в фильме "Дерево жизни" (2011) и "Исчезнувшая" (2014). Она также известна своими выступлениями в "Интерстеллар" (2014) и "Мисс Слоун" (2016). Джессика обладает уникальной способностью к перевоплощению, благодаря чему она смогла создать ряд мощных и запоминающихся персонажей, что принесло ей множество наград и признание критиков.'),
  ('Крис', 'Эванс', '1981-06-13', 2, '/static/actors/chris-evans/small.png', '/static/actors/chris-evans/big.png', 'Крис Эванс - американский актёр, родился в 1981 году в Бостоне, штат Массачусетс, США. Он широко известен своей ролью Стива Роджерса/Капитана Америка в кинематографической вселенной Marvel. Эванс также сыграл в таких фильмах, как "Первобытный страх" (2007), "Дневник памяти" (2004) и "Достать ножи" (2019). Он ценится за свою харизматичную игру, а также за свою работу за пределами кино, включая различные формы общественной деятельности.'),
  ('Кристиан', 'Бэйл', '1974-01-30', 3, '/static/actors/christian-bale/small.png', '/static/actors/christian-bale/big.png', 'Кристиан Бэйл — талантливый британский актер, известный своими самоотверженными физическими трансформациями ради ролей. Родился 30 января 1974 года в Уэльсе. Бэйл с детства мечтал об актерской карьере и в школьные годы снялся в нескольких рекламных роликах. В 13 лет дебютировал в военной драме Стивена Спилберга «Империя солнца» (1987). После этой роли его заметили не только в родной Великобритании, но и в Голливуде. В начале нулевых получил широкую известность благодаря таким фильмам как «Американский психопат» (2000), «Эквилибриум» (2002), «Машинист» (2003), «Престиж» (2006). Особую популярность приобрел с выходом трилогии Кристофера Нолана «Темный рыцарь» (2005–2012), в которой сыграл культового героя комиксов Бэтмена. Отсутствие профессионального образования не помешало ему стать одним из самых востребованных актеров своего поколения. В 2011 году он получил «Оскар» и «Золотой глобус» за роль второго плана в фильме «Боец» (2010). Был номинирован на главные кинонаграды за перевоплощение в вице-президента Дика Чейни в байопике Адама МакКея «Власть» (2018), за что в итоге получил свой второй «Золотой глобус». Среди других наиболее известных фильмов с участием Кристиана Бэйла также можно отметить «Аферу по-американски» (2013), «Игру на понижение» (2015), «Ford против Ferrari» (2019).'),
  ('Урсула', 'Корберо', '1989-08-11', 5, '/static/actors/corbero/small.png', '/static/actors/corbero/big.png', 'Урсула Корберо Дельгадо родилась 11 августа 1989 года в Барселоне, Испания. С раннего детства мечтала стать актрисой и начала карьеру в 13 лет с рекламных роликов. В 2002 году дебютировала на телевидении в сериале "Разбитое зеркало". Первую известность получила благодаря роли Рут в популярном подростковом сериале "Физика или химия" с 2008 по 2010 год. Затем снималась в различных испанских сериалах и фильмах, включая "Большой заповедник", "Изабелла", "Дама под вуалью". Мировую славу принесла роль Токио в культовом сериале "Бумажный дом" с 2017 по 2021 год. Также снялась в голливудском блокбастере "G.I. Joe: Бросок кобры. Снейк Айз" в 2021 году. На счету актрисы несколько наград за лучшие женские роли на испанских кинофестивалях. Урсула активно занимается благотворительностью и поддерживает феминистское движение. Сегодня она является одной из самых популярных испанских актрис современности, имея более 20 миллионов подписчиков в социальных сетях.'),
  ('Марион', 'Котийяр', '1975-09-30', 6, '/static/actors/cotillard/small.png', '/static/actors/cotillard/big.png', 'Марион Котийяр (Marion Cotillard) - французская актриса, певица и экологическая активистка, родилась 30 сентября 1975 года в Париже, Франция. Она получила международное признание благодаря роли Эдит Пиаф в фильме "Жизнь в розовом цвете" (2007), за что была награждена "Оскаром" за лучшую женскую роль. Котийяр известна своей способностью полностью погружаться в роль, что видно в её работах в таких фильмах, как "Начало" (2010) и "Две дни, одна ночь" (2014).'),
  ('Леонардо', 'ДиКаприо', '1974-11-11', 2, '/static/actors/dicaprio/small.png', '/static/actors/dicaprio/big.png', 'Леонардо ДиКаприо родился 11 ноября 1974 года в семье немецко-русских эмигрантов. С детства он проявлял интерес к актерскому мастерству и уже в подростковом возрасте начал сниматься в сериалах, рекламных роликах и фильмах. Свою первую номинацию на «Оскар» Лео получил в 1994 году за роль в картине «Что гложет Гилберт Грейпа», однако получил статуэтку только в 2016 за «Выжившего» Алехандро Иньярриту. За свою карьеру ДиКаприо сыграл в десятках картин, таких как «Начало», «Остров проклятых», «Титаник», «Однажды в Голливуде» и многих других. Ему удалось поработать с Ноланом, Тарантино, Спилбергом и Скорсезе. С последним ДиКаприо удалось создать успешный тандем и снять более пяти совместных проектов.'),
  ('Фредерик', 'Дифенталь', '1968-07-26', 6, '/static/actors/diefenthal/small.png', '/static/actors/diefenthal/big.png', 'Фредерик Дифенталь — французский актёр, родился 26 июля 1968 года в Сен-Манде. Дебют в кино состоялся в 1991 году в фильме «Тотальная слежка». Первую большую роль актёр сыграл в 1995 году в фильме «Милая Франция». Популярность Фредерик Дифенталь приобрёл, сыграв роль инспектора полиции Эмильена в серии фильмов «Такси», а также «Такси 2», «Такси 3» и «Такси 4». Актёр был номинирован на премию «Сезар» как лучший молодой актёр.'),
  ('Роберт', 'Дауни мл.', '1965-04-04', 2, '/static/actors/downey-jr/small.png', '/static/actors/downey-jr/big.png', 'Роберт Дауни-младший родился в семье режиссера и сценариста Роберта Дауни-старшего и актрисы Элси Форд. С самого детства он начал играть небольшие роли в фильмах, в том числе в картинах своего отца. В начале карьеры Роберт работал вместе с командой над проектом «Субботним вечером в прямом эфире». После работы на телевидении решил полностью сосредоточится на кино и переехал в Голливуд. Прорывной работой для него стала роль в фильме «Чаплин», за которую он удостоился премии BAFTA. Карьерный взлет прервали проблемы Дауни с наркотическими веществами, актеру пришлось взять перерыв в работе и лечиться от зависимости. После возвращения к работе он играет роль в фильме «Поцелуй навылет», но всё же главной вехой в его карьере становится утверждение на роль Железного человека. После выхода фильма Дауни заваливают различными предложениями: он играет в «Солдатах неудачи», «Шерлоке Холмсе», а также в продолжении «Железного человека» и «Мстителях».'),
  ('Кристофер', 'Экклстон', '1964-02-16', 3, '/static/actors/eccleston/small.png', '/static/actors/eccleston/big.png', 'Популярный британский актер Кристофер Экклстон наиболее известен по фильмам «28 дней спустя», «Елизавета», «Другие» и телесериалу «Доктор Кто». Он начал сниматься в 1991 году, и на данный момент в его фильмографии около 100 проектов. Однако путь к успеху был нелегким. Кристофер родился 16 февраля 1964 года в обычной семье рабочих и много времени уделял футболу. Но со временем он обнаружил в себе интерес к актерской деятельности и поступил после школы в лондонскую Школу Драмы и Речи. Долгие годы он упорно шел к своей цели и не отказывался ни от какой работы, чтобы стать по-настоящему выдающимся актером. В 1991 году Экклстону повезло сыграть главную роль в криминальной драме Питера Медока «Пусть получит свое», и это стало отправной точкой для его карьеры.'),
  ('Джесси', 'Айзенберг', '1983-10-05', 2, '/static/actors/eisenberg/small.png', '/static/actors/eisenberg/big.png', 'Джесси Айзенберг - американский актёр, родился 5 октября 1983 года в Куинсе, Нью-Йорк, США. Он прославился благодаря ролям в таких фильмах, как "Социальная сеть", где он сыграл основателя Facebook Марка Цукерберга, и "Иллюзия обмана". Айзенберг известен своим уникальным стилем актёрской игры, который позволяет ему создавать запоминающиеся и сложные персонажи.'),
  ('Махершала', 'Али', '1974-02-16', 2, '/static/actors/mahershala-ali/small.png', '/static/actors/mahershala-ali/big.png', 'Махершала Али — американский актёр. Родился 16 февраля 1974 года в Окленде, штат Калифорния. Вырос в Хейварде. Его мать — священник, а отец — актёр, появлялся в театральных постановках на Бродвее. Али стал первым актёром-мусульманином, получившим премию «Оскар» в категории «Лучшая мужская роль второго плана» за роль в фильме «Зелёная книга». В 2019 году актёр был удостоен второго «Оскара» и первого «Золотого Глобуса» — также в категории «Лучшая мужская роль второго плана». '),
  ('Владимир', 'Меньшов', '1939-09-17', 8, '/static/actors/menshov/small.png', '/static/actors/menshov/big.png', 'Владимир Меньшов - выдающийся российский актёр, режиссёр и продюсер, родился 17 сентября 1939 года в Баку, скончался 5 июля 2021 года. Меньшов получил мировую известность благодаря своему фильму Москва слезам не верит (1979), который был удостоен Оскара за лучший иностранный фильм. Он также известен своими работами в таких кинолентах, как "Любовь и голуби" (1984) и "Родня" (1981). Меньшов был выдающимся деятелем советского и российского кинематографа, его вклад в культуру оценивается как неоценимый.'),
  ('Вуди', 'Харрельсон', '1961-07-23', 2, '/static/actors/harrelson/small.png', '/static/actors/harrelson/big.png', 'Вуди Харрельсон (Woody Harrelson) - известный американский актер, родился 23 июля 1961 года в Мидленде, Техас, США. Харрельсон стал известен благодаря роли Вуди Бойда в популярном телесериале "Бар Cheers". Он также сыграл важные роли в таких фильмах, как "Натуральные убийцы" (1994), "Игры разума" (2001), и "Игры голода" (2012). Вуди известен своей способностью играть как в комедийных, так и в драматических ролях, благодаря чему он завоевал признание и множество наград.'),
  ('Фрэнк', 'Грилло', '1965-06-08', 2, '/static/actors/grillo/small.png', '/static/actors/grillo/big.png', 'Фрэнк Грилло - американский актер и мастер боевых искусств, известный своими ролями в супергеройских фильмах Marvel и сериалах. Родился 8 июня 1965 года в Нью-Йорке в семье итало-американского происхождения. Закончил Нью-Йоркский университет по специальности бизнес. Начал карьеру с рекламных ролей и моделей для мужских журналов. Снимался в телесериалах, включая "Направляющий свет" и "Кингдом". Наиболее известны роли агента HYDRA Брока Рамлоу в трилогии "Капитан Америка". Также появлялся в таких фильмах как "Grey", "End of Watch", "Wolf Warrior 2". Имеет степень коричневого пояса по бразильскому джиу-джитсу. Женат дважды, имеет пятерых детей.'),
  ('Бен', 'Кингсли', '1943-12-31', 3, '/static/actors/kingsley/small.png', '/static/actors/kingsley/big.png', 'Бен Кингсли (настоящее имя — Кришна Пандит Бханджи) — британский актёр театра, кино, телевидения и озвучивания. Известным на весь мир актёр стал в 1982 году благодаря исполненной им роли Ганди в одноимённом фильме Ричарда Аттенборо. За неё Кингсли получил премию «Оскар» и «Золотой глобус». Лауреат премии «Оскар» (1983), двух премий BAFTA (1983 — дважды), двух премий «Золотой глобус» (1983 — дважды), «Грэмми» (1985), «Премии Гильдии киноактёров США» (2002) и премии «Сатурн» (2014).'),
  ('Сами', 'Насери', '1961-07-02', 6, '/static/actors/samy-nacery/small.png', '/static/actors/samy-nacery/big.png', 'Сами Насери - французский актёр и продюсер, родился 2 июля 1961 года в Париже. Он наиболее известен своей ролью таксиста Даниеля Моралеса в серии фильмов "Такси" (1998-2007), которые принесли ему широкую популярность. Насери также сыграл во множестве других фильмов, демонстрируя свой талант в различных жанрах от комедии до драмы. Он известен своим харизматичным экранным образом и способностью создавать запоминающиеся персонажи.'),
  ('Кристоф', 'Вальц', '1956-10-04', 10, '/static/actors/waltz/small.png', '/static/actors/waltz/big.png', 'Кристоф Вальц - австрийский актёр, родился 4 октября 1956 года в Вене, Австрия. Он получил мировую известность и две премии "Оскар" за лучшую мужскую роль второго плана за свои роли в фильмах Квентина Тарантино "Бесславные ублюдки" (2009) и "Джанго освобождённый" (2012). Вальц также известен своими ролями в таких фильмах, как "Водный мир" (2010) и "Спектр" (2015). Его мастерство, умение создавать яркие и запоминающиеся образы, делают его одним из самых востребованных актёров в Голливуде.'),
  ('Сэм', 'Уортингтон', '1976-08-02', 3, '/static/actors/sam-worthington/small.png', '/static/actors/sam-worthington/big.png', 'Сэм Уоррингтон - австралийский актер, родившийся 2 августа 1976 года в Годалминге, Англия. Его семья переехала в Австралию, когда он был младенцем. Уоррингтон получил стипендию в Национальном институте драматического искусства и окончил его в 2000 году. Он добился широкой известности после роли Джейка Сулли в блокбастере Джеймса Кэмерона "Аватар" (2009). За эту роль он получил премию Австралии за лучшую мужскую роль. Уоррингтон также известен по ролям в таких фильмах, как "Терминатор", "Персеус", "Пападжи", "Хакслоу Ридж". Он часто играет героев-фантастику и экшен-команды. На телевидении Уоррингтон появился в австралийских сериалах и американском мини-сериале "Дедлайн: Галлиполи", за который выступил исполнительным продюсером. Уоррингтон женат на модели Ларе Бингл, с которой они имеют трех сыновей. '),
  ('Дмитрий', 'Назаров', '1957-07-14', 1, '/static/actors/nazarov/small.png', '/static/actors/nazarov/big.png', 'Дмитрий Юрьевич Назаров - советский и российский актер театра, кино и озвучивания, телеведущий, поэт. Он родился 4 июля 1957 года в городе Руза Московской области. Окончив Высшее театральное училище имени М. С. Щепкина в 1980 году, Назаров стал известным актером, став народным артистом Российской Федерации в 2000 году. Известен массовому зрителю, особенно по роли Виктора Петровича Баринова в сериале "Кухня". В личной жизни Назаров был женат трижды: первая жена - Наталья Назарова, вторая - Наталья Петровна Красноярская (1948-2019), режиссер Большого театра, третья - Ольга Васильева (род. 1967), актриса. У него есть дочь Нина и сын Арсений от предыдущих браков. Увлекается творчеством, является поэтом. За свои достижения Назаров удостоен премии "Чайка" (2005) и дважды лауреат премии "Икар" (2017 и 2022).'),
  ('Энн', 'Хэтэуэй', '1982-11-12', 2, '/static/actors/hathaway/small.png', '/static/actors/hathaway/big.png', 'Энн Хэтэуэй родилась 2 ноября 1982 года в Бруклине. В детстве играла в театре, посещала занятия по актерскому мастерству, с 1999 года снималась в телесериалах. В начале нулевых играла в фильмах студии Disney («Как стать принцессой», «Заколдованная Элла»). Именно тогда за актрисой закрепился образ принцессы, от которого она до сих пор не избавилась. В 2005-м снялась в знаменитой драме «Горбатая гора». В 2006-м сыграла в комедии «Дьявол носит Prada» в паре с Мэрил Стрип, что закрепило ее мировую славу. В 2008-м получила первую номинацию на «Оскар» — за роль в драме Джонатана Демме «Рейчел вышла замуж». В 2012 году исполнила роль Женщины-кошки в блокбастере Кристофера Нолана «Темный рыцарь: Возрождение легенды». Обладательница «Оскара», «Золотого глобуса» и премии BAFTA за роль в мюзикле «Отверженные» Тома Хупера.'),
  ('Меган', 'Фокс', '1986-05-16', 2, '/static/actors/fox/small.png', '/static/actors/fox/big.png', 'Меган Фокс родилась в Тенесси, США, 16 мая 1986 года. С пяти лет занималась танцами и посещала театральную студию. Получила несколько премий за участие в юношеских танцевальных конкурсах. С 2001-го периодически снималась в кино и сериалах: «Королева экрана», «Звезда сцены», «Два с половиной человека». Мировая слава пришла к актрисе в 2007-м, когда она сыграла в «Трансформерах» Майкла Бэя. Но после съемок в двух первых фильмах франшизы ее уволили за конфликт с режиссером и некорректные высказывания в прессе. Среди значимых работ — картина «Тело Дженнифер» от режиссера Карин Кусама по сценарию Диабло Коуди. В десятых у Фокс почти не было больших и интересных ролей. В 2018-м она снялась в драмеди Джеймса Франко «Зеровилль».'),
  ('Хайме', 'Лорэнте', '1991-12-12', 5, '/static/actors/lorente/small.png', '/static/actors/lorente/big.png', 'Хайме Лоренте Лопес родился 12 декабря 1991 года в Мурсии, Испания. С раннего возраста интересовался театром и кино. Обучался актерскому мастерству и современному танцу в Высшей школе драматического искусства в Мурсии. Начал карьеру на театральной сцене, затем перешел в кино и телевидение. Прорыв произошел в 2017 году с ролью Даниэля Рамоса в сериале "Бумажный дом". Также снимался в сериале "Элита" на Netflix. В 2018 году начал встречаться с коллегой по "Бумажному дому" Марией Педрасой. Увлекается футболом, фехтованием, боксом, музыкой. В 2019 году выпустил сборник стихов "A Propósito de Tu Boca". На счету актера несколько наград за лучшие роли в театральных постановках.'),
  ('Данила', 'Козловский', '1985-05-03', 1, '/static/actors/kozlovsky/small.png', '/static/actors/kozlovsky/big.png', 'Заслуженный артист РФ, Козловский родился в 1985 году. В детстве недолго обучался в балетной школе. Аттестат о среднем образовании получил в Кронштадтском морском кадетском корпусе. Родители надеялись, что сын станет дипломатом, но в 99-м Данила начал сниматься в кино. Обучаясь театральному искусству в СПбГАТИ, Козловский увлекся телевизионными проектами. После выхода на экраны сериала «А.Д.», ему предложили работу в кассовой картине «Мы из будущего». Актер был номинирован за эту роль на национальную премию «Золотой орел». Награду не получил, зато спустя несколько лет фильмы Козловского «Духless 2» и «Экипаж» отвоевали почетный приз. В фильмографии актера больше 45 картин. Он сыграл в нашумевшей «Матильде» и в фильме-участнике Берлинского фестиваля «Довлатов». Снялся в шестом сезоне канадского сериала «Викинги». Спортивная драма «Тренер» стала его первой режиссерской работой.'),
  ('Вигго', 'Мортенсен', '1958-09-20', 2, '/static/actors/mortensen/small.png', '/static/actors/mortensen/big.png', 'Вигго Мортенсен (Viggo Mortensen) - американский актер, режиссер, писатель и художник, родился 20 октября 1958 года в Нью-Йорке, США. Мортенсен прославился на международной арене благодаря роли Арагорна в трилогии "Властелин колец". Он также снялся в таких фильмах, как "История насилия" (2005), "Восточные обещания" (2007), и "Капитан Фантастик" (2016). Вигго известен своей многогранностью и глубиной актерской игры.'),
  ('Стася', 'Милославская', '1995-05-04', 1, '/static/actors/miloslavskaya/small.png', '/static/actors/miloslavskaya/big.png', 'Стася Милославская - молодая российская актриса, начинающая своё восхождение в мире кино. Её точная дата рождения и подробности биографии на данный момент не широко известны, но она уже успела зарекомендовать себя в нескольких проектах. Милославская обладает перспективным актёрским талантом, который обещает интересное развитие её карьеры в будущем.'),
  ('Сергей', 'Маковецкий', '1958-06-13', 8, '/static/actors/makovetskiy/small.png', '/static/actors/makovetskiy/big.png', 'Сергей Васильевич Маковецкий - советский и российский актер театра и кино, народный артист Российской Федерации. Родился 13 июня 1958 года в Киеве. После неудачных попыток поступить в киевское театральное училище и МХАТ, Маковецкий успешно поступил в Высшее театральное училище имени Б. В. Щукина в 1976 году. Окончив училище в 1980 году, он был принят в труппу Государственного академического театра имени Е. Б. Вахтангова, где служит до сих пор. С 1982 года начинает свою кинематографическую карьеру. За свою работу Маковецкий был удостоен множества наград, включая премии Ника, Золотой орел и Золотой овен.'),
  ('Омар', 'Си', '1978-01-20', 6, '/static/actors/omar-sy/small.png', '/static/actors/omar-sy/big.png', 'Омар Си родился во Франции в семье мигрантов из Западной Африки. Еще в юности вел собственное комедийное шоу на радио. В начале 2000-х дебютировал в кино. Прорыв в карьере произошел в 2011 году после выхода комедийной драмы «1+1». С тех пор Омар Си перешел в категорию актеров высшего класса, которых мечтают заполучить режиссеры всего мира. В 2014 году артиста пригласили на роль мутанта в фантастическом блокбастере Брайана Сингера «Люди Икс: Дни минувшего будущего». Затем он сыграл с Крисом Праттом в «Мире Юрского Периода», в «Инферно» с Томом Хэнксом, в «Зове Предков» с Харрисоном Фордом. С 2021 года Омар Си исполняет главную роль в детективном сериале Netflix «Люпен».'),
  ('Сеу', 'Жоржи', '1970-06-08', 11, '/static/actors/jorge/small.png', '/static/actors/jorge/big.png', 'Сеу Жоржи - бразильский музыкант и актер, родился 8 июня 1970 года в Белфорд-Рошу. Начал карьеру в 1998 году как певец и автор песен. Известен исполнением в стиле бразильской популярной музыки, самбы и соула. Считается возродителем традиций бразильской поп-самбы. Сотрудничал с такими артистами как Ана Каролина и Бек. Играет на киноэкранах, например, в "Город Богов" и "Водная жизнь". Его музыкальная работа получила похвалу от коллег, включая Дэвида Боуи. В 2015 году номинировался на премию Латиноамериканской граммофонии. В 2016 году выступал на открытии Паралимпийских игр в Рио-де-Жанейре. В 2023 году появился в мини-ролле в фильме Веса Андерсона "Астероидный город".'),
  ('Александр', 'Яценко', '1977-05-22', 1, '/static/actors/yatsenko/small.png', '/static/actors/yatsenko/big.png', 'Александр Яценко - выдающийся российский актёр, родился в Ростове-на-Дону 22 мая 1976 года. Он получил широкое признание благодаря своей роли в фильме "Аритмия" (2017), за которую был удостоен множества наград. Яценко известен своим глубоким погружением в каждую роль, что делает его персонажей живыми и убедительными. Его талант также проявился в фильмах "Жить" (2012) и "Дурак" (2014), где он с легкостью передавал сложные эмоции и переживания своих героев.'),
  ('Мэттью', 'МакКонахи', '1969-11-04', 2, '/static/actors/mcconaughey/small.png', '/static/actors/mcconaughey/big.png', 'Мэттью Макконахи родился 4 ноября 1969 в Ювалде, Техас, США. На выпускном его выбрали «Главным красавчиком школы». В 1988 году, записавшись в программу обмена студентами, Мэттью уезжает учиться в Австралию. Вернувшись в университет, он переходит на сценическое мастерство и снимается в нескольких рекламных роликах. Однажды Макконахи случайно знакомится с продюсером Доном Филипсом, который приглашает его сыграть в фильме «Под кайфом и в смятении». «Оскар» в 2013 году актеру принесла роль в драме «Далласский клуб покупателей». Также популярные фильмы с участием Макконахи: «Свадебный переполох», «Интерстеллар», «Джентльмены», «Линкольн для адвоката», «Как отделаться от парня за 10 дней».'),
  ('Айла', 'Фишер', '1976-02-03', 12, '/static/actors/isla-fisher/small.png', '/static/actors/isla-fisher/big.png', 'Айла Фишер — австралийская киноактриса шотландского происхождения. В 2005 году Айла получила премию кино MTV в номинации «Прорыв года» за роль в фильме «Незваные гости». В 2009 году актрисе досталась главная роль в экранизации книги английской писательницы Софи Кинселлы «Шопоголик». Широкое признание Фишер получила в 2013 году, сыграв роли в двух успешных фильмах — «Великий Гэтсби» и «Иллюзия обмана».'),
  ('Том', 'Харди', '1977-09-15', 3, '/static/actors/tom-hardy/small.png', '/static/actors/tom-hardy/big.png', 'Британец родился в 1977 году в Лондоне. С детства посещал театральную школу, а после обучался актерскому мастерству в Лондонском центре драмы. В 2001-м после трех лет учебы бросил колледж ради съемок в сериале «Братья по оружию». Затем последовал полнометражный триллер Ридли Скотта «Черный ястреб», множество ролей в независимых фильмах и работа над картинами BBC. К тому же Харди активно играл в театре, за что удостоился награды London Evening Standard Theatre Award (лучший дебют). В дальнейшем он продолжит совмещать большие роли в кино с театральной карьерой. У Харди есть премия BAFTA за лучшую мужскую роль в фильме «Стюарт: Прошлая жизнь» и номинация на «Оскар» за «Выжившего». В 2018-м он впервые сыграл в фильме по комиксу — «Веном» производства Sony и Marvel.'),
  ('Джейсон', 'Стэйтем', '1967-07-26', 3, '/static/actors/jason-statham/small.png', '/static/actors/jason-statham/big.png', 'Джейсон Стэйтем родился 26 июля 1967 года в Великобритании. В средней школе Джейсон серьезно занимался футболом, но настоящей его страстью стали прыжки в воду. Стэйтем входил в состав национальной сборной Великобритании на протяжении 12 лет. На исходе девяностых годов Стэйтем становится рекламным лицом компании Tommy Hilfiger. Первой работой в кино для Джейсона стали съемки в дебютной картине Гая Ричи «Карты, деньги, два ствола» (1998). В 2000 году Ричи пригласил Стейтема сняться в криминальной комедии «Большой куш». Участие в картине «Перевозчик» (2002) сделало Стэйтема звездой.'),
  ('Мишель', 'Родригес', '1978-07-12', 2, '/static/actors/michelle-rodriguez/small.png', '/static/actors/michelle-rodriguez/big.png', 'Мишель Родригес - американская актриса, родилась 12 июля 1978 года в Сан-Антонио, Техас, США. Она широко известна благодаря своей роли Летти Ортис в серии фильмов "Форсаж". Родригес также известна своими ролями в таких фильмах, как "Обитель зла" (2002) и "Аватар" (2009). Её характерные сильные и независимые персонажи сделали её одной из самых узнаваемых актрис в голливудских боевиках.'),
  ('Шайа', 'ЛаБаф', '1986-06-11', 2, '/static/actors/labeouf/small.png', '/static/actors/labeouf/big.png', 'В детстве ЛаБаф посещал собрания анонимных алкоголиков – его брал с собой отец. Ставшему взрослым актеру самому потребовался психотерапевт. Имя Шайи не сходит со страниц американских газет, и виной этому чаще всего являются его неадекватные поступки. На его счету пьяные дебоши в общественных местах и труднообъяснимые действия, которые ставят в тупик зрителей и коллег. Родился Шайя ЛаБаф в Лос-Анджелесе в 1986 году. Впервые на телеэкране появился в 13 лет в эпизоде шестого сезона «Секретных материалов». Сегодня в фильмографии актера более 40 работ, среди которых драмы («Самый пьяный округ в мире»), триллеры («Константин: Повелитель тьмы») и фильмы других жанров. Он активно снимается как в авторском кино («Нимфоманка» Ларса фон Триера, «Американская милашка» Андреи Арнольд), так и в громких франшизах («Трансформеры»). У ЛаБафа есть премия BAFTA начинающему актеру и «Эмми» за сериал «Зажигай со Стивенсами».'),
  ('Джона', 'Хилл', '1983-12-20', 2, '/static/actors/jonah-hill/small.png', '/static/actors/jonah-hill/big.png', 'Джона Хилл - американский актёр, комедийный исполнитель и сценарист, родился 20 декабря 1983 года в Лос-Анджелесе, Калифорния, США. Он прославился благодаря своим ролям в таких фильмах, как "Суперперцы" (2007), "Забойный реванш" (2011) и "Волк с Уолл-стрит" (2013), за которую он был номинирован на премию "Оскар" за лучшую мужскую роль второго плана. Хилл также известен своими работами в различных комедийных и драматических проектах, демонстрируя свою универсальность как актёра.'),
  ('Марго', 'Робби', '1990-07-02', 13, '/static/actors/margo-robbie/small.png', '/static/actors/margo-robbie/big.png', 'Марго Робби — австралийская актриса и продюсер. Будущая звезда родилась 2 июля 1990 года в городе Дэлби австралийского штата Квинсленд, в семье фермера и физиотерапевтки. Впервые на экранах появилась в 2007 году, а в 2011 году на родине в Австралии ее уже хорошо знали по роли в сериале «Соседи». С 2013 года активно снимается в Голливуде, в таких фильмах, как «Волк с Уолл-стрит», где она работала на одной площадке с Леонардо Дикаприо, «Игра на понижение», «Отряд самоубийц», «Скандал», «Тоня против всех». У Марго Робби есть несколько номинаций на «Оскар» и «Золотой глобус».'),
  ('Мадс', 'Миккельсен', '1965-11-22', 7, '/static/actors/mikkelsen/small.png', '/static/actors/mikkelsen/big.png', 'Мадс Миккельсен — датский актер. Родился в 1965 году в Копенгагене, в семье медсестры и банковского служащего. У Мадса есть старший брат Ларс, который тоже стал актером. Мадс учился в балетной академии, а затем закончил театральную школу. До середины 1990-х был известен в основном только в датской киноиндустрии. Первая большая роль актера — в фильме Николаса Виндинга Рефна «Дилер» (1996). Не раз назывался датскими журналами «самым сексуальным мужчиной Дании», что способствовало его популярности и за пределами родины. Мадс Миккельсен наиболее известен ролями в фильмах «Король Артур», «Казино «Рояль», «Охота», «Еще по одной», «Фантастические твари: Тайны Дамблдора». Женат на хореографке Ханне Якобсен.'),
  ('Дмитрий', 'Нагиев', '1970-04-22', 1, '/static/actors/nagiev/small.png', '/static/actors/nagiev/big.png', 'Дмитрий Геннадьевич Нагиев - российский актер театра, кино и телевидения, продюсер, сценарист, режиссер. Он родился 22 апреля 1970 года в Москве. Окончив ГИТИС в 1993 году, Нагиев начал свою карьеру как актер, быстро став одним из самых популярных комиков в России. Известен массовому зрителю, особенно по ролям в фильмах "Брат", "Брат 2" и "Брат 3". Нагиев также известен своей телевизионной деятельностью, возглавляя программу "Вечерний Ургант" на Первом канале с 2012 по 2021 год. В личной жизни Нагиев женат на актрисе Елене Ивановой, у них двое детей - сын Данила и дочь Анастасия. Увлекается продюсированием и режиссурой, создавая собственные проекты. За свои достижения Нагиев удостоен множества премий, включая премию ТЭФИ и премию Ника.'),
  ('Елена', 'Подкаминская', '1979-04-10', 1, '/static/actors/podkaminskaya/small.png', '/static/actors/podkaminskaya/big.png', 'Елена Подкаминская - талантливая российская актриса театра и кино, родилась в 1979 году. Она получила широкую известность и любовь зрителей благодаря главной роли в популярном телесериале "Кухня", где играла Викторию Гончарову. Елена также активно работает в театре, где демонстрирует своё умение воплощать самые разные образы, от классики до современности. Она известна своей эмоциональной и искренней игрой, а также способностью создавать яркие, запоминающиеся персонажи. Подкаминская также принимала участие в различных кинопроектах и телешоу, демонстрируя свою универсальность как актрисы.'),
  ('Зои', 'Салдана', '1978-06-19', 2, '/static/actors/saldana/small.png', '/static/actors/saldana/big.png', 'Зои Салдана - американская актриса доминиканского происхождения, родилась 19 июня 1978 года. Салдана прославилась благодаря ролям в таких крупных кинопроектах, как "Аватар" (2009), "Стражи Галактики" (2014) и "Звездный путь" (2009). Она известна своей способностью преображаться в разнообразные персонажи, что делает ее одной из наиболее востребованных актрис в Голливуде.'),
  ('Олег', 'Меньшиков', '1960-11-08', 8, '/static/actors/menshikov/small.png', '/static/actors/menshikov/big.png', 'Олег Меньшиков - выдающийся российский актер театра и кино, а также режиссер, родился 8 ноября 1960 года. Меньшиков известен своими глубокими и выразительными ролями в таких фильмах, как "Урга - территория любви" (1991), "Покровские ворота" (1982) и "Сибирский цирюльник" (1998). Его талант был отмечен множеством наград, в том числе Государственной премией РФ. Олег также активно работает в театре, где он не только играет, но и ставит спектакли, занимаясь режиссурой.'),
  ('Шу', 'Ци', '1976-04-16', 14, '/static/actors/shu/small.png', '/static/actors/shu/big.png', 'Шу Ци (настоящее имя — Линь Лихуэй) — тайваньская актриса. В общей сложности карьера актрисы насчитывает больше 60 кинопроектов, в их числе есть и известные западные фильмы. Например, она сыграла главную роль в фильме «Перевозчик» вместе с Джейсоном Стэйтемом и эпизодическую в фильме «Нью-Йорк, я люблю тебя».'),
  ('Альваро', 'Морте', '1975-02-23', 5, '/static/actors/morte/small.png', '/static/actors/morte/big.png', 'Альваро Антонио Гарсия Перес родился 23 февраля 1975 года в испанском городе Альхесирас. Он начал свою карьеру актера с небольших ролей в испанских телесериалах, таких как "Госпиталь Центральный" и "Плантация 25". В 2014 году он получил главную роль доктора Лукаса Молинера в популярном сериале "Секрет моста Виего", где играл до 2017 года. Затем Морте сыграл роль Профессора в культовом сериале "Бумажный дом", принесшей ему мировую известность. После этого он снялся в таких проектах как "Пристань", "Голова" и "Колесо времени". На счету актера также несколько наград за лучшую мужскую роль на испанских кинофестивалях. Сегодня Альваро Морте считается одним из самых популярных испанских актеров современности.'),
  ('Эмили', 'Браунинг', '1988-12-07', 13, '/static/actors/emily-browning/small.png', '/static/actors/emily-browning/big.png', 'Эмили Браунинг - австралийская актриса, родилась 7 декабря 1988 года. Она стала известна благодаря своей роли в фильме "Лемони Сникет: 33 несчастья" (2004). Браунинг также снималась в таких фильмах, как "Спящая красавица" (2011) и "Сакер Панч" (2011). Она известна своими глубокими и эмоциональными персонажами, а также умением воплощать сложные и многогранные образы.'),
  ('Александр', 'Наумов', '1958-08-01', 1, '/static/actors/naumov/small.png', '/static/actors/naumov/big.png', 'Александр Наумов - российский актёр театра и кино, родился 12 июля 1963 года. Наумов получил известность благодаря работе в фильмах "Дети Арбата" (2004) и "Адмиралъ" (2008). Он известен своими глубокими и продуманными ролями, способностью к детальной проработке персонажей. Александр Наумов ценится за его мастерство и талант в создании уникальных, запоминающихся образов, что делает его одним из заметных актёров современного российского кинематографа.'),
  ('Мэтт', 'Дэймон', '1970-10-08', 2, '/static/actors/matt-damon/small.png', '/static/actors/matt-damon/big.png', 'Мэтт Дэймон родился 8 октября 1970 года в штате Массачусетс. После учебы в школе он поступил в Гарвард, но скоро понял, что его призвание – быть актером. Еще в восемь лет познакомился с Беном Аффлеком, работа с которым над сценарием фильма «Умница Уилл Хантинг» изменила его жизнь. В 1996 году молодые актеры получили «Оскар» за свой скрипт, поставил который режиссер Гас Ван Сент. Сам Дэймон исполнил в драме главную роль. В 1998-м сыграл в «Спасти рядового Райана» в фильме Стивена Спилберга, а уже на следующий год — главную роль в картине Энтони Мингеллы «Талантливый мистер Рипли». С 2002-го присоединился к шпионской франшизе про неуловимого Джеймса Борна. Снимается у Тэрри Гиллиама, Мартина Скорсезе, Стивена Содерберга, Кристофера Нолана, Ридли Скотта. У Дэймона множество номинаций на «Золотой глобус» и «Оскар». Периодически он пишет сценарии (в соавторстве с Гасом Ван Сентом для фильмов «Джерри» и «Земля обетованная»).'),
  ('Александр', 'Петров', '1989-01-25', 1, '/static/actors/petrov/small.png', '/static/actors/petrov/big.png', 'Александр Петров родился 25 января 1989 года. В детстве он мечтал о большом футболе, но после травмы был вынужден бросить спорт. Он поступил на специальность «Программные системы в экономике», но увлекся игрой в театральной студии и КВН. Бросить вуз и переехать в Москву Петров решился после знакомства с педагогами ГИТИСа на театральном фестивале. Окончив вуз в 2012-м, Петров получил роль в сериале «Пока цветет папоротник». За первые пять лет карьеры он исполнил более 30 ролей. В 2013-м его приняли в театр им. Ермоловой под руководством Олега Меньшикова. Популярность пришла к Петрову с франшизой «Гоголь», фильмом «Притяжение» и сериалами «Фарца», «Звоните ДиКаприо!», «Полицейский с Рублевки». Лауреат премии «GQ Человек года» в номинации «Актер 2018 года», обладатель «Золотого орла» за роль в сериале «Sпарта».'),
  ('Холт', 'МакКэллани', '1964-09-03', 2, '/static/actors/mccallany/small.png', '/static/actors/mccallany/big.png', 'Холт МакКэллани (настоящее имя Холт Куинн Макэлони) — американский актёр, сценарист и продюсер. Теледебют актёра состоялся в конце 80-х годов с исполнения эпизодической роли в сериале «Все мои дети». В 1987 году он сыграл в фильме «Калейдоскоп ужасов 2». Успех в кино пришёл к Маккэллани после фильма «Бойцовский клуб» Дэвида Финчера, в котором он сыграл вместе с Эдвардом Нортоном и Брэдом Питтом. Наиболее известен ролью Билла Тенча в сериале «Охотник за разумом». Маккэллани является не только актёром театра и кино — он также пишет сценарии, пьесы и работает продюсером.'),
  ('Виктор', 'Сухоруков', '1951-11-10', 1, '/static/actors/suhorukov/small.png', '/static/actors/suhorukov/big.png', 'Родился в 1951 году в подмосковном Орехово-Зуево в рабочей семье. С самого раннего возраста проявлял актерские способности и мечтал об актерской карьере. Окончил школу в 1970 году, после чего отправился в Москву поступать в Школу-студию МХАТ, однако не прошел вступительный конкурс. Отслужил в армии, затем два года работал электриком. В 1974 году смог поступить в ГИТИС. Окончив учебу, уехал в Ленинград и устроился на работу Театр комедии имени Акимова, впоследствии много играл на сцене в театрах Москвы и Петербурга. До 1989 года исполнял только эпизодические роли. Первую главную роль сыграл в фильме «Бакенбарды» (1990) Юрия Мамина. На студии Ленфильм познакомился с режиссером Алексеем Балабановым и сыграл главную роль в его фильме «Счастливые дни» (1991). Настоящая слава пришла к актеру с ролью наемного убийцы Виктора Багрова в фильме «Брат» (1997). Среди других заметных киноролей — «Про уродов и людей», «Антикиллер», «Бедный, бедный Павел», «Не хлебом единым», «Остров», «Орлеан». В 2008 году получил звание Народного артиста России.'),
  ('Ли', 'Джон джэ', '1972-12-15', 4, '/static/actors/jae/small.png', '/static/actors/jae/big.png', 'Ли Джонджэ - выдающийся южнокорейский актер, роденный 15 декабря 1972 года в Сеуле. Он дебютировал как модель в 1993 году, прежде чем начать свою актерскую карьеру на телевидении в 1994 году. Ли Джонджэ получил широкую известность благодаря своим сильным актерским выступлениям в различных жанрах фильмов и сериалов. Он выиграл несколько престижных наград, включая премию "Голубой дракон" за лучшую мужскую роль в кино и премию Гильдии киноактеров США за лучшую мужскую роль в драматическом сериале. В 2021 году Ли Джонджэ снялся в главной роли в популярном южнокорейском сериале "Игра в кальмара". За эту роль он был номинирован на несколько премий и наград. В 2022 году состоялась премьера фильма "Охота", в котором Ли сыграл главную роль и выступил режиссером и сценаристом.'),
  ('Брэд', 'Питт', '1963-12-18', 2, '/static/actors/pitt/small.png', '/static/actors/pitt/big.png', 'Уильям Брэдли Питт родился в 1963 году в семье менеджера по грузоперевозкам. Подростком увлекался импровизированными дебатами, музыкой, спортом. В Миссурийском университете изучал журналистику и рекламное дело, но за 14 дней до получения диплома уехал в Голливуд. В Лос-Анджелес Питт работал зазывалой в ресторане, перевозчиком мебели и тратил заработанное на актерские курсы. Активно снимался в сериалах. В 1988-м получил первую роль в кино — в мелодраме «Темная сторона солнца». В 1991-м снялся у Ридли Скотта в феминистском роуд-муви «Тельма и Луиза». Середина 90-х стала очень плодотворной для Питта: он сыграл в «Интервью с вампиром», «Легендах осени», «Семь» Дэвида Финчера и «12 обезьян» Тэрри Гиллиама. На рубеже веков последовали «Большой куш» и «Бойцовский клуб», одни из самых любимых зрителями фильмов актера. В дальнейшем Питт будет сотрудничать с братьями Коэн, Теренсом Маликом и получит «Оскар» за роль в исторической драме Стива Маккуина «12 лет рабства».'),
  ('Пак', 'Хэ су', '1981-11-21', 4, '/static/actors/soo/small.png', '/static/actors/soo/big.png', 'Пак Хэ-Су - южнокорейский актер, роденный 21 ноября 1981 года в Сувоне. Он дебютировал как театральный актер в 2007 году, прежде чем перейти на экранное творчество. Пак получил широкую известность благодаря ролям в сериалах "Правила игры" (2017-2018) и "Игра в кальмара" (2021), где он сыграл Чо Сан У. За эту роль он был номинирован на премию Emmy как лучший актер второго плана в драматическом сериале. Пак также снялся в фильмах "Квантовая физика" (2019) и "Время охоты" (2020). Он работает с агентством BH Entertainment с 2016 года и недавно подписал контракт с UTA в США. Пак известен своим сильным актерским мастерством и способностью входить в различные персонажи, от драматических до комедийных.'),
  ('Чон', 'Хо ён', '1994-06-23', 4, '/static/actors/yeon/small.png', '/static/actors/yeon/big.png', 'Чон Хо-ён - южнокорейская актриса, роденная 23 сентября 1985 года в Сеуле. Она начала свою карьеру в 2003 году, сыграв небольшие роли в различных телесериалах. Однако настоящий прорыв для нее произошел после выхода в 2021 году сериала "Игра в кальмара", где она сыграла одну из главных ролей. Чон Хо-ён быстро стала одной из самых востребованных актрис в Корее, благодаря своей способности входить в сложные персонажи и демонстрирующей высокий уровень актерского мастерства. Она также известна своей красотой и модным стилем, часто появляясь на страницах fashion-журналов. Помимо "Игры в кальмара", Чон Хо-ён снялась в нескольких других популярных сериалах и фильмах, завоевав любовь зрителей и критиков. Ей удалось стать звездой первой категории в относительно короткий срок, став примером успеха для молодых актрис в Корее.'),
  ('Дайан', 'Крюгер', '1976-07-15', 15, '/static/actors/kruger/small.png', '/static/actors/kruger/big.png', 'Диана Крюгер — немецкая актриса и фотомодель. В подростковом возрасте увлекалась балетом и даже поступила в Королевскую балетную школу в Лондоне, но из-за травмы ей пришлось забыть о карьере танцовщицы. Новый взлёт её карьеры произошёл благодаря съёмкам в комедийном боевике Квентина Тарантино «Бесславные ублюдки». В 2017 году Крюгер снялась в немецком драматическом фильме Фатиха Акина «На пределе». За свою роль она получила приз Каннского кинофестиваля «за лучшую женскую роль» и премию «Спутник» за лучшую женскую роль в кинофильме.'),
  ('Мигель', 'Эрран', '1996-04-25', 5, '/static/actors/herran/small.png', '/static/actors/herran/big.png', 'Мигель Анхель Гарсия де ла Эрран, более известный как Мигель Эрран, родился 25 апреля 1996 года в Атахате, Малага, Испания. В детстве вместе с матерью переехал в Мадрид. Его актерская карьера началась случайно - в 2015 году он получил роль Дарио в фильме "В обмен на ничего" после встречи с режиссером Даниэлем Гусманом на улице в Малаге. За эту роль в 2016 году Эрран получил премию Гойя за лучший мужской актерский дебют. В 2017 году он сыграл роль Анибала Кортеса (Рио) в сериале "Бумажный дом", а в 2018 году - роль Кристиана Варелы в сериале "Элита" на Netflix. Также снялся в нескольких других фильмах и сериалах, включая "1898. Последние на Филиппинах", "Невидимый страж", "Спустя некоторое время", "Высотка" и "Тюрьма 77". На его счету несколько номинаций на различные кинонаграды. Сегодня Мигель Эрран является одним из наиболее перспективных молодых актеров испанского кинематографа.'),
  ('Виктор', 'Хориняк', '1990-03-22', 1, '/static/actors/horinyak/small.png', '/static/actors/horinyak/big.png', 'Виктор Викторович Хориняк - российский актер театра и кино. Родился 22 марта 1990 года в Минусинске Красноярского края. Окончив Школу-студию МХАТ в 2011 году, Хориняк был принят в труппу Московского Художественного театра имени А.П. Чехова. Известен массовому зрителю, особенно по ролям бармена Константина в сериалах "Кухня", "Отель Элеон" и "Гранд", а также ролью Ивана Найдёнова в трилогии "Последний богатырь". Активно снимается в кино с 2007 года и в телевизионных сериалах с 2010 года. Лауреат премии Олега Табакова (2012) и многочисленных российских фестивалей. Увлекается спортом, предпочитает баскетбол и бокс. От брака с первой женой Ольгой есть сын Иван. Его дядя - Алексей Хориняк, заслуженный артист России.'),
  ('Алессандро', 'Нивола', '1972-06-28', 2, '/static/actors/nivola/small.png', '/static/actors/nivola/big.png', 'Алессандро Нивола (англ. Alessandro Nivola) — американский актёр театра, кино и телевидения. Нивола окончил академию Филипс в Эксетере и имеет диплом Йельского университета. После колледжа он начал карьеру на Бродвее, играя роль юного любовника героини Хелен Миррен в спектакле «Месяц в деревне» (1995). Настоящую популярность ему принёс образ скандального футболиста Гэвина Харриса в спортивной драме «Гол!» (2005) и его продолжении. В 2007 году актёр сыграл одну из главных ролей в мини-сериале «Контора», номинированном на «Золотой глобус» в категории Лучший мини-сериал или фильм на ТВ.'),
  ('Тайриз', 'Гибсон', '1978-12-30', 2, '/static/actors/gibson/small.png', '/static/actors/gibson/big.png', 'Тайриз Дарнелл Гибсон (Tyrese Darnell Gibson) — американский рэпер, автор-исполнитель, виджей, актёр и продюсер. В 1998 году выпустил свой первый музыкальный альбом «Tyrese». Ранее Тайриз выступал под псевдонимом Блэк-Тай (англ. Black-Ty). В 2004 году впервые вошёл в список претендентов на премию «Грэмми» с песней «How You Gonna Act Like That». Всего на счету музыканта четыре номинации на престижную награду, в том числе две в категории лучший R&B альбом («Open Invitation» (2013) и «Three Kings» (2014)).'),
  ('Марк', 'Руффало', '1967-11-22', 2, '/static/actors/mark-ruffalo/small.png', '/static/actors/mark-ruffalo/big.png', 'Марк Руффало - американский актёр, родился 22 ноября 1967 года в Кеноше, Висконсин, США. Руффало получил широкую известность благодаря ролям в таких фильмах, как "Тёмные воды" и "Мстители", где он сыграл Брюса Баннера / Халка. Его талант к глубокому и убедительному воплощению персонажей, а также его работа в независимом кино, принесли ему множество наград и признание критиков.'),
  ('Ольга', 'Кузьмина', '1987-06-16', 1, '/static/actors/kuzmina/small.png', '/static/actors/kuzmina/big.png', 'Ольга Николаевна Кузьмина - российская актриса театра, кино и дубляжа. Родилась 16 июня 1987 года в Москве. Окончив ГИТИС в 2008 году, Кузьмина начала свою карьеру как актриса, быстро став одной из самых популярных комиков в России. Известна массовому зрителю, особенно по ролям в сериалах "Кухня" и "Отель Элеон". Также она сыграла центральные персонажей в фильмах "Фронт", "Одноклассницы", "Кумир", "Москва, я люблю тебя!". В личной жизни Кузьмина была замужем за Алексеем Терещенко, от которого имеет сына Гордея. Увлекается творчеством, является актрисой театра и кино. За свои достижения Кузьмина удостоена множества премий и наград.'),
  ('Франсуа', 'Клюзе', '1955-09-21', 6, '/static/actors/kluzet/small.png', '/static/actors/kluzet/big.png', 'Франсуа Клюзе - известный французский актер, родился 21 сентября 1955 года. Начал свою карьеру в конце 1970-х, и с тех пор сыграл во множестве фильмов. Одной из его заметных ролей является персонаж Филиппа в драме "1+1" (2011), где он изображал аристократа-инвалида. Его актерское мастерство получило признание критиков, и он стал одним из самых уважаемых актеров Франции.');



INSERT INTO public.movie_actors (movie_id, actor_id)
VALUES
  (1, 61),
  (1, 60),
  (1, 58),
  (2, 1),
  (2, 11),
  (2, 29),
  (2, 51),
  (2, 63),
  (3, 5),
  (3, 68),
  (3, 47),
  (3, 26),
  (3, 46),
  (3, 64),
  (4, 2),
  (4, 69),
  (4, 34),
  (5, 41),
  (5, 48),
  (5, 25),
  (6, 38),
  (6, 20),
  (6, 17),
  (6, 67),
  (7, 59),
  (7, 62),
  (7, 24),
  (8, 8),
  (8, 37),
  (8, 27),
  (9, 19),
  (9, 30),
  (9, 49),
  (10, 59),
  (10, 43),
  (11, 22),
  (11, 13),
  (11, 67),
  (12, 12),
  (12, 23),
  (12, 14),
  (13, 65),
  (14, 40),
  (14, 3),
  (14, 50),
  (15, 28),
  (15, 42),
  (15, 66),
  (16, 13),
  (16, 44),
  (16, 43),
  (17, 9),
  (17, 15),
  (17, 67),
  (18, 45),
  (18, 6),
  (19, 10),
  (19, 54),
  (20, 31),
  (20, 7),
  (20, 18),
  (21, 59),
  (21, 13),
  (21, 44),
  (22, 21),
  (23, 39),
  (23, 16),
  (23, 52),
  (24, 29),
  (25, 55),
  (25, 36),
  (25, 32),
  (26, 40),
  (26, 56),
  (27, 4),
  (27, 53),
  (27, 57),
  (27, 33);

INSERT INTO public.seasons (movie_id, season_number, title, description, release_date)
VALUES
  (1, 1, 'Кухня 1', 'Описание первого сезона', '2024-09-25'),
  (1, 2, 'Кухня 2', 'Описание второго сезона', '2024-01-25');

INSERT INTO public.episodes (season_id, episode_number, title, description, release_date, rating, preview_url, video_url)
VALUES
  (1, 1, 'Кухня 1 сезон 1 серия', 'Описание серии 1.1', '2024-09-25', 9.5, '/static/movies/kitcnen/season_1/images/kitchen-1-1_preview.png', '/static/movies/kitcnen/season_1/kitchen-1-1.mp4'),
  (1, 2, 'Кухня 1 сезон 2 серия', 'Описание серии 1.2', '2024-09-25', 7.9, '/static/movies/kitcnen/season_1/images/kitchen-1-2_preview.png', '/static/movies/kitcnen/season_1/kitchen-1-2.mp4'),
  (1, 3, 'Кухня 1 сезон 3 серия', 'Описание серии 1.3', '2024-09-25', 8.1, '/static/movies/kitcnen/season_1/images/kitchen-1-3_preview.png', '/static/movies/kitcnen/season_1/kitchen-1-3.mp4'),
  (1, 4, 'Кухня 1 сезон 4 серия', 'Описание серии 1.4', '2024-09-25', 8.3, '/static/movies/kitcnen/season_1/images/kitchen-1-4_preview.png', '/static/movies/kitcnen/season_1/kitchen-1-4.mp4'),
  (1, 5, 'Кухня 1 сезон 5 серия', 'Описание серии 1.5', '2024-09-25', 6.1, '/static/movies/kitcnen/season_1/images/kitchen-1-5_preview.png', '/static/movies/kitcnen/season_1/kitchen-1-5.mp4'),
  (2, 1, 'Кухня 2 сезон 1 серия', 'Описание серии 2.1', '2024-09-25', 10.0, '/static/movies/kitcnen/season_2/images/kitchen-2-1_preview.png', '/static/movies/kitcnen/season_1/kitchen-2-1.mp4'),
  (2, 2, 'Кухня 2 сезон 2 серия', 'Описание серии 2.2', '2024-01-25', 9.4, '/static/movies/kitcnen/season_2/images/kitchen-2-2_preview.png', '/static/movies/kitcnen/season_1/kitchen-2-2.mp4'),
  (2, 3, 'Кухня 2 сезон 3 серия', 'Описание серии 2.3', '2024-01-25', 8.7, '/static/movies/kitcnen/season_2/images/kitchen-2-3_preview.png', '/static/movies/kitcnen/season_1/kitchen-2-3.mp4'),
  (2, 4, 'Кухня 2 сезон 4 серия', 'Описание серии 2.4', '2024-01-25', 8.6, '/static/movies/kitcnen/season_2/images/kitchen-2-4_preview.png', '/static/movies/kitcnen/season_1/kitchen-2-4.mp4'),
  (2, 5, 'Кухня 2 сезон 5 серия', 'Описание серии 2.5', '2024-01-25', 7.8, '/static/movies/kitcnen/season_2/images/kitchen-2-5_preview.png', '/static/movies/kitcnen/season_1/kitchen-2-5.mp4');
